{"v":"5.1.8","fr":60,"ip":0,"op":119,"w":850,"h":780,"nm":"End-Loop-PreComp","ddd":0,"assets":[{"id":"image_0","w":850,"h":2094,"u":"images/","p":"img_0.png"},{"id":"comp_0","layers":[{"ddd":0,"ind":1,"ty":4,"nm":"Line-Copy","sr":1,"ks":{"o":{"a":1,"k":[{"i":{"x":[0.55],"y":[1]},"o":{"x":[0.167],"y":[0.167]},"n":["0p55_1_0p167_0p167"],"t":874,"s":[50],"e":[90]},{"t":955}],"ix":11},"r":{"a":0,"k":0,"ix":10},"p":{"a":0,"k":[537.402,368.553,0],"ix":2},"a":{"a":0,"k":[112.402,-21.447,0],"ix":1},"s":{"a":0,"k":[100,100,100],"ix":6}},"ao":0,"shapes":[{"ty":"gr","it":[{"ind":0,"ty":"sh","ix":1,"ks":{"a":0,"k":{"i":[[0,0],[0,0]],"o":[[0,0],[0,0]],"v":[[112.402,-84.158],[112.402,41.264]],"c":false},"ix":2},"nm":"Path 1","mn":"ADBE Vector Shape - Group","hd":false},{"ty":"st","c":{"a":0,"k":[1,1,1,1],"ix":3},"o":{"a":0,"k":100,"ix":4},"w":{"a":0,"k":1,"ix":5},"lc":3,"lj":1,"ml":4,"d":[{"n":"d","nm":"dash","v":{"a":0,"k":4,"ix":1}}],"nm":"Stroke 1","mn":"ADBE Vector Graphic - Stroke","hd":false},{"ty":"tr","p":{"a":0,"k":[0,0],"ix":2},"a":{"a":0,"k":[0,0],"ix":1},"s":{"a":0,"k":[100,100],"ix":3},"r":{"a":0,"k":0,"ix":6},"o":{"a":0,"k":100,"ix":7},"sk":{"a":0,"k":0,"ix":4},"sa":{"a":0,"k":0,"ix":5},"nm":"Transform"}],"nm":"Line-Copy","np":2,"cix":2,"ix":1,"mn":"ADBE Vector Group","hd":false},{"ty":"tm","s":{"a":1,"k":[{"i":{"x":[0.55],"y":[1]},"o":{"x":[0.45],"y":[0]},"n":["0p55_1_0p45_0"],"t":897,"s":[0],"e":[0]},{"t":978}],"ix":1},"e":{"a":1,"k":[{"i":{"x":[0.55],"y":[1]},"o":{"x":[0.684],"y":[0.109]},"n":["0p55_1_0p684_0p109"],"t":897,"s":[0],"e":[100]},{"t":978}],"ix":2},"o":{"a":0,"k":739.621,"ix":3},"m":1,"ix":2,"nm":"Trim Paths 1","mn":"ADBE Vector Filter - Trim","hd":false}],"ip":0,"op":1459,"st":0,"bm":0},{"ddd":0,"ind":2,"ty":4,"nm":"Path-2","sr":1,"ks":{"o":{"a":0,"k":100,"ix":11},"r":{"a":0,"k":0,"ix":10},"p":{"a":0,"k":[536.804,365.619,0],"ix":2},"a":{"a":0,"k":[111.804,-24.381,0],"ix":1},"s":{"a":0,"k":[100,100,100],"ix":6}},"ao":0,"shapes":[{"ty":"gr","it":[{"ind":0,"ty":"sh","ix":1,"ks":{"a":0,"k":{"i":[[0,0],[-19.485,0],[-34.161,9.128],[-0.59,5.19]],"o":[[4.111,-25.524],[29.228,0],[34.161,-9.128],[0,0]],"v":[[40.065,7.014],[75.46,-31.272],[136.786,-8.797],[183.543,-55.776]],"c":false},"ix":2},"nm":"Path 1","mn":"ADBE Vector Shape - Group","hd":false},{"ty":"tm","s":{"a":1,"k":[{"i":{"x":[0.55],"y":[1]},"o":{"x":[0.45],"y":[0]},"n":["0p55_1_0p45_0"],"t":937,"s":[0],"e":[0]},{"t":1173}],"ix":1},"e":{"a":1,"k":[{"i":{"x":[0.55],"y":[1]},"o":{"x":[0.45],"y":[0]},"n":["0p55_1_0p45_0"],"t":937,"s":[0],"e":[100]},{"t":1173}],"ix":2},"o":{"a":0,"k":0,"ix":3},"m":1,"ix":2,"nm":"Trim Paths 1","mn":"ADBE Vector Filter - Trim","hd":false},{"ty":"st","c":{"a":0,"k":[1,1,1,1],"ix":3},"o":{"a":0,"k":100,"ix":4},"w":{"a":0,"k":2,"ix":5},"lc":1,"lj":1,"ml":4,"nm":"Stroke 1","mn":"ADBE Vector Graphic - Stroke","hd":false},{"ty":"tr","p":{"a":0,"k":[0,0],"ix":2},"a":{"a":0,"k":[0,0],"ix":1},"s":{"a":0,"k":[100,100],"ix":3},"r":{"a":0,"k":0,"ix":6},"o":{"a":0,"k":100,"ix":7},"sk":{"a":0,"k":0,"ix":4},"sa":{"a":0,"k":0,"ix":5},"nm":"Transform"}],"nm":"Path-2","np":3,"cix":2,"ix":1,"mn":"ADBE Vector Group","hd":false}],"ip":0,"op":1459,"st":0,"bm":0},{"ddd":0,"ind":3,"ty":4,"nm":"Line","sr":1,"ks":{"o":{"a":1,"k":[{"i":{"x":[0.833],"y":[0.833]},"o":{"x":[0.167],"y":[0.167]},"n":["0p833_0p833_0p167_0p167"],"t":844,"s":[0],"e":[90]},{"t":923}],"ix":11},"r":{"a":0,"k":0,"ix":10},"p":{"a":0,"k":[537.402,370.347,0],"ix":2},"a":{"a":0,"k":[112.402,-19.653,0],"ix":1},"s":{"a":0,"k":[100,100,100],"ix":6}},"ao":0,"shapes":[{"ty":"gr","it":[{"ind":0,"ty":"sh","ix":1,"ks":{"a":0,"k":{"i":[[0,0],[0,0]],"o":[[0,0],[0,0]],"v":[[39.467,-19.653],[185.337,-19.653]],"c":false},"ix":2},"nm":"Path 1","mn":"ADBE Vector Shape - Group","hd":false},{"ty":"st","c":{"a":0,"k":[1,1,1,1],"ix":3},"o":{"a":0,"k":100,"ix":4},"w":{"a":0,"k":1,"ix":5},"lc":3,"lj":1,"ml":4,"nm":"Stroke 1","mn":"ADBE Vector Graphic - Stroke","hd":false},{"ty":"tr","p":{"a":0,"k":[0,0],"ix":2},"a":{"a":0,"k":[0,0],"ix":1},"s":{"a":0,"k":[100,100],"ix":3},"r":{"a":0,"k":0,"ix":6},"o":{"a":0,"k":100,"ix":7},"sk":{"a":0,"k":0,"ix":4},"sa":{"a":0,"k":0,"ix":5},"nm":"Transform"}],"nm":"Line","np":2,"cix":2,"ix":1,"mn":"ADBE Vector Group","hd":false},{"ty":"tm","s":{"a":0,"k":0,"ix":1},"e":{"a":1,"k":[{"i":{"x":[0.55],"y":[1]},"o":{"x":[0.502],"y":[0.257]},"n":["0p55_1_0p502_0p257"],"t":901,"s":[0],"e":[100]},{"t":981}],"ix":2},"o":{"a":0,"k":0,"ix":3},"m":1,"ix":2,"nm":"Trim Paths 1","mn":"ADBE Vector Filter - Trim","hd":false}],"ip":0,"op":1459,"st":0,"bm":0},{"ddd":0,"ind":4,"ty":4,"nm":"Rectangle-2-Copy-15","sr":1,"ks":{"o":{"a":1,"k":[{"i":{"x":[0.567],"y":[1.776]},"o":{"x":[0.36],"y":[0]},"n":["0p567_1p776_0p36_0"],"t":875.863,"s":[0],"e":[20]},{"t":896.9609375}],"ix":11},"r":{"a":0,"k":0,"ix":10},"p":{"a":1,"k":[{"i":{"x":0.833,"y":0.961},"o":{"x":0.36,"y":0},"n":"0p833_0p961_0p36_0","t":873.904,"s":[621.696,469.944,0],"e":[621.696,456.944,0],"to":[0,-2.16666674613953,0],"ti":[0,2.16666674613953,0]},{"t":895}],"ix":2},"a":{"a":0,"k":[196.696,66.944,0],"ix":1},"s":{"a":1,"k":[{"i":{"x":[0.567,0.567,0.667],"y":[1.169,1.169,1]},"o":{"x":[0.36,0.36,0.36],"y":[0,0,0]},"n":["0p567_1p169_0p36_0","0p567_1p169_0p36_0","0p667_1_0p36_0"],"t":871.945,"s":[8,8,100],"e":[100,100,100]},{"t":893.041015625}],"ix":6}},"ao":0,"shapes":[{"ty":"gr","it":[{"ind":0,"ty":"sh","ix":1,"ks":{"a":0,"k":{"i":[[-1.105,0],[0,0],[0,-1.105],[0,0],[1.105,0],[0,0],[0,1.105],[0,0]],"o":[[0,0],[1.105,0],[0,0],[0,1.105],[0,0],[-1.105,0],[0,0],[0,-1.105]],"v":[[184.348,60.972],[209.043,60.972],[211.043,62.972],[211.043,70.917],[209.043,72.917],[184.348,72.917],[182.348,70.917],[182.348,62.972]],"c":true},"ix":2},"nm":"Path 1","mn":"ADBE Vector Shape - Group","hd":false},{"ty":"fl","c":{"a":0,"k":[1,1,1,1],"ix":4},"o":{"a":0,"k":100,"ix":5},"r":1,"nm":"Fill 1","mn":"ADBE Vector Graphic - Fill","hd":false},{"ty":"tr","p":{"a":0,"k":[0,0],"ix":2},"a":{"a":0,"k":[0,0],"ix":1},"s":{"a":0,"k":[100,100],"ix":3},"r":{"a":0,"k":0,"ix":6},"o":{"a":0,"k":100,"ix":7},"sk":{"a":0,"k":0,"ix":4},"sa":{"a":0,"k":0,"ix":5},"nm":"Transform"}],"nm":"Rectangle-2-Copy-15","np":2,"cix":2,"ix":1,"mn":"ADBE Vector Group","hd":false}],"ip":0,"op":1800,"st":0,"bm":0},{"ddd":0,"ind":5,"ty":4,"nm":"Rectangle-2-Copy-14","sr":1,"ks":{"o":{"a":1,"k":[{"i":{"x":[0.833],"y":[0.833]},"o":{"x":[0.36],"y":[0]},"n":["0p833_0p833_0p36_0"],"t":869.984,"s":[0],"e":[20]},{"t":891.083984375}],"ix":11},"r":{"a":0,"k":0,"ix":10},"p":{"a":1,"k":[{"i":{"x":0.833,"y":0.961},"o":{"x":0.36,"y":0},"n":"0p833_0p961_0p36_0","t":868.023,"s":[588.217,469.944,0],"e":[588.217,456.944,0],"to":[0,-2.16666674613953,0],"ti":[0,2.16666674613953,0]},{"t":889.123046875}],"ix":2},"a":{"a":0,"k":[163.217,66.944,0],"ix":1},"s":{"a":1,"k":[{"i":{"x":[0.567,0.567,0.667],"y":[1.169,1.169,1]},"o":{"x":[0.36,0.36,0.36],"y":[0,0,0]},"n":["0p567_1p169_0p36_0","0p567_1p169_0p36_0","0p667_1_0p36_0"],"t":866.064,"s":[8,8,100],"e":[100,100,100]},{"t":887.162109375}],"ix":6}},"ao":0,"shapes":[{"ty":"gr","it":[{"ind":0,"ty":"sh","ix":1,"ks":{"a":0,"k":{"i":[[-1.105,0],[0,0],[0,-1.105],[0,0],[1.105,0],[0,0],[0,1.105],[0,0]],"o":[[0,0],[1.105,0],[0,0],[0,1.105],[0,0],[-1.105,0],[0,0],[0,-1.105]],"v":[[150.87,60.972],[175.565,60.972],[177.565,62.972],[177.565,70.917],[175.565,72.917],[150.87,72.917],[148.87,70.917],[148.87,62.972]],"c":true},"ix":2},"nm":"Path 1","mn":"ADBE Vector Shape - Group","hd":false},{"ty":"fl","c":{"a":0,"k":[1,1,1,1],"ix":4},"o":{"a":0,"k":100,"ix":5},"r":1,"nm":"Fill 1","mn":"ADBE Vector Graphic - Fill","hd":false},{"ty":"tr","p":{"a":0,"k":[0,0],"ix":2},"a":{"a":0,"k":[0,0],"ix":1},"s":{"a":0,"k":[100,100],"ix":3},"r":{"a":0,"k":0,"ix":6},"o":{"a":0,"k":100,"ix":7},"sk":{"a":0,"k":0,"ix":4},"sa":{"a":0,"k":0,"ix":5},"nm":"Transform"}],"nm":"Rectangle-2-Copy-14","np":2,"cix":2,"ix":1,"mn":"ADBE Vector Group","hd":false}],"ip":0,"op":1800,"st":0,"bm":0},{"ddd":0,"ind":6,"ty":4,"nm":"Rectangle-2-Copy-13","sr":1,"ks":{"o":{"a":1,"k":[{"i":{"x":[0.567],"y":[1.772]},"o":{"x":[0.36],"y":[0]},"n":["0p567_1p772_0p36_0"],"t":864.102,"s":[0],"e":[20]},{"t":885.083984375}],"ix":11},"r":{"a":0,"k":0,"ix":10},"p":{"a":1,"k":[{"i":{"x":0.833,"y":0.961},"o":{"x":0.36,"y":0},"n":"0p833_0p961_0p36_0","t":862.141,"s":[554.739,469.944,0],"e":[554.739,456.944,0],"to":[0,-2.16666674613953,0],"ti":[0,2.16666674613953,0]},{"t":883.240234375}],"ix":2},"a":{"a":0,"k":[129.739,66.944,0],"ix":1},"s":{"a":1,"k":[{"i":{"x":[0.567,0.567,0.667],"y":[1.169,1.169,1]},"o":{"x":[0.36,0.36,0.36],"y":[0,0,0]},"n":["0p567_1p169_0p36_0","0p567_1p169_0p36_0","0p667_1_0p36_0"],"t":860.18,"s":[8,8,100],"e":[100,100,100]},{"t":881.28125}],"ix":6}},"ao":0,"shapes":[{"ty":"gr","it":[{"ind":0,"ty":"sh","ix":1,"ks":{"a":0,"k":{"i":[[-1.105,0],[0,0],[0,-1.105],[0,0],[1.105,0],[0,0],[0,1.105],[0,0]],"o":[[0,0],[1.105,0],[0,0],[0,1.105],[0,0],[-1.105,0],[0,0],[0,-1.105]],"v":[[117.391,60.972],[142.087,60.972],[144.087,62.972],[144.087,70.917],[142.087,72.917],[117.391,72.917],[115.391,70.917],[115.391,62.972]],"c":true},"ix":2},"nm":"Path 1","mn":"ADBE Vector Shape - Group","hd":false},{"ty":"fl","c":{"a":0,"k":[1,1,1,1],"ix":4},"o":{"a":0,"k":100,"ix":5},"r":1,"nm":"Fill 1","mn":"ADBE Vector Graphic - Fill","hd":false},{"ty":"tr","p":{"a":0,"k":[0,0],"ix":2},"a":{"a":0,"k":[0,0],"ix":1},"s":{"a":0,"k":[100,100],"ix":3},"r":{"a":0,"k":0,"ix":6},"o":{"a":0,"k":100,"ix":7},"sk":{"a":0,"k":0,"ix":4},"sa":{"a":0,"k":0,"ix":5},"nm":"Transform"}],"nm":"Rectangle-2-Copy-13","np":2,"cix":2,"ix":1,"mn":"ADBE Vector Group","hd":false}],"ip":0,"op":1800,"st":0,"bm":0},{"ddd":0,"ind":7,"ty":4,"nm":"Rectangle-2-Copy-12","sr":1,"ks":{"o":{"a":1,"k":[{"i":{"x":[0.567],"y":[1.767]},"o":{"x":[0.36],"y":[0]},"n":["0p567_1p767_0p36_0"],"t":858.223,"s":[0],"e":[20]},{"t":879.083984375}],"ix":11},"r":{"a":0,"k":0,"ix":10},"p":{"a":1,"k":[{"i":{"x":0.833,"y":0.961},"o":{"x":0.36,"y":0},"n":"0p833_0p961_0p36_0","t":856.262,"s":[521.261,469.944,0],"e":[521.261,456.944,0],"to":[0,-2.16666674613953,0],"ti":[0,2.16666674613953,0]},{"t":877.361328125}],"ix":2},"a":{"a":0,"k":[96.261,66.944,0],"ix":1},"s":{"a":1,"k":[{"i":{"x":[0.567,0.567,0.667],"y":[1.169,1.169,1]},"o":{"x":[0.36,0.36,0.36],"y":[0,0,0]},"n":["0p567_1p169_0p36_0","0p567_1p169_0p36_0","0p667_1_0p36_0"],"t":854.303,"s":[8,8,100],"e":[100,100,100]},{"t":875.400390625}],"ix":6}},"ao":0,"shapes":[{"ty":"gr","it":[{"ind":0,"ty":"sh","ix":1,"ks":{"a":0,"k":{"i":[[-1.105,0],[0,0],[0,-1.105],[0,0],[1.105,0],[0,0],[0,1.105],[0,0]],"o":[[0,0],[1.105,0],[0,0],[0,1.105],[0,0],[-1.105,0],[0,0],[0,-1.105]],"v":[[83.913,60.972],[108.609,60.972],[110.609,62.972],[110.609,70.917],[108.609,72.917],[83.913,72.917],[81.913,70.917],[81.913,62.972]],"c":true},"ix":2},"nm":"Path 1","mn":"ADBE Vector Shape - Group","hd":false},{"ty":"fl","c":{"a":0,"k":[1,1,1,1],"ix":4},"o":{"a":0,"k":100,"ix":5},"r":1,"nm":"Fill 1","mn":"ADBE Vector Graphic - Fill","hd":false},{"ty":"tr","p":{"a":0,"k":[0,0],"ix":2},"a":{"a":0,"k":[0,0],"ix":1},"s":{"a":0,"k":[100,100],"ix":3},"r":{"a":0,"k":0,"ix":6},"o":{"a":0,"k":100,"ix":7},"sk":{"a":0,"k":0,"ix":4},"sa":{"a":0,"k":0,"ix":5},"nm":"Transform"}],"nm":"Rectangle-2-Copy-12","np":2,"cix":2,"ix":1,"mn":"ADBE Vector Group","hd":false}],"ip":0,"op":1800,"st":0,"bm":0},{"ddd":0,"ind":8,"ty":4,"nm":"Rectangle-2-Copy-11","sr":1,"ks":{"o":{"a":1,"k":[{"i":{"x":[0.833],"y":[1]},"o":{"x":[0.36],"y":[0]},"n":["0p833_1_0p36_0"],"t":852.34,"s":[0],"e":[20]},{"t":874.083984375}],"ix":11},"r":{"a":0,"k":0,"ix":10},"p":{"a":1,"k":[{"i":{"x":0.833,"y":0.961},"o":{"x":0.36,"y":0},"n":"0p833_0p961_0p36_0","t":850.379,"s":[487.783,469.944,0],"e":[487.783,456.944,0],"to":[0,-2.16666674613953,0],"ti":[0,2.16666674613953,0]},{"t":871.478515625}],"ix":2},"a":{"a":0,"k":[62.783,66.944,0],"ix":1},"s":{"a":1,"k":[{"i":{"x":[0.567,0.567,0.667],"y":[1.169,1.169,1]},"o":{"x":[0.36,0.36,0.36],"y":[0,0,0]},"n":["0p567_1p169_0p36_0","0p567_1p169_0p36_0","0p667_1_0p36_0"],"t":848.42,"s":[8,8,100],"e":[100,100,100]},{"t":869.51953125}],"ix":6}},"ao":0,"shapes":[{"ty":"gr","it":[{"ind":0,"ty":"sh","ix":1,"ks":{"a":0,"k":{"i":[[-1.105,0],[0,0],[0,-1.105],[0,0],[1.105,0],[0,0],[0,1.105],[0,0]],"o":[[0,0],[1.105,0],[0,0],[0,1.105],[0,0],[-1.105,0],[0,0],[0,-1.105]],"v":[[50.435,60.972],[75.13,60.972],[77.13,62.972],[77.13,70.917],[75.13,72.917],[50.435,72.917],[48.435,70.917],[48.435,62.972]],"c":true},"ix":2},"nm":"Path 1","mn":"ADBE Vector Shape - Group","hd":false},{"ty":"fl","c":{"a":0,"k":[1,1,1,1],"ix":4},"o":{"a":0,"k":100,"ix":5},"r":1,"nm":"Fill 1","mn":"ADBE Vector Graphic - Fill","hd":false},{"ty":"tr","p":{"a":0,"k":[0,0],"ix":2},"a":{"a":0,"k":[0,0],"ix":1},"s":{"a":0,"k":[100,100],"ix":3},"r":{"a":0,"k":0,"ix":6},"o":{"a":0,"k":100,"ix":7},"sk":{"a":0,"k":0,"ix":4},"sa":{"a":0,"k":0,"ix":5},"nm":"Transform"}],"nm":"Rectangle-2-Copy-11","np":2,"cix":2,"ix":1,"mn":"ADBE Vector Group","hd":false}],"ip":0,"op":1800,"st":0,"bm":0},{"ddd":0,"ind":9,"ty":4,"nm":"Rectangle-2-Copy-10","sr":1,"ks":{"o":{"a":1,"k":[{"i":{"x":[0.567],"y":[1.776]},"o":{"x":[0.36],"y":[0]},"n":["0p567_1p776_0p36_0"],"t":846.461,"s":[0],"e":[20]},{"t":867.556640625}],"ix":11},"r":{"a":0,"k":0,"ix":10},"p":{"a":1,"k":[{"i":{"x":0.833,"y":0.961},"o":{"x":0.36,"y":0},"n":"0p833_0p961_0p36_0","t":844.502,"s":[454.304,469.944,0],"e":[454.304,456.944,0],"to":[0,-2.16666674613953,0],"ti":[0,2.16666674613953,0]},{"t":865.59765625}],"ix":2},"a":{"a":0,"k":[29.304,66.944,0],"ix":1},"s":{"a":1,"k":[{"i":{"x":[0.567,0.567,0.667],"y":[1.169,1.169,1]},"o":{"x":[0.36,0.36,0.36],"y":[0,0,0]},"n":["0p567_1p169_0p36_0","0p567_1p169_0p36_0","0p667_1_0p36_0"],"t":842.541,"s":[8,8,100],"e":[100,100,100]},{"t":863.638671875}],"ix":6}},"ao":0,"shapes":[{"ty":"gr","it":[{"ind":0,"ty":"sh","ix":1,"ks":{"a":0,"k":{"i":[[-1.105,0],[0,0],[0,-1.105],[0,0],[1.105,0],[0,0],[0,1.105],[0,0]],"o":[[0,0],[1.105,0],[0,0],[0,1.105],[0,0],[-1.105,0],[0,0],[0,-1.105]],"v":[[16.957,60.972],[41.652,60.972],[43.652,62.972],[43.652,70.917],[41.652,72.917],[16.957,72.917],[14.957,70.917],[14.957,62.972]],"c":true},"ix":2},"nm":"Path 1","mn":"ADBE Vector Shape - Group","hd":false},{"ty":"fl","c":{"a":0,"k":[1,1,1,1],"ix":4},"o":{"a":0,"k":100,"ix":5},"r":1,"nm":"Fill 1","mn":"ADBE Vector Graphic - Fill","hd":false},{"ty":"tr","p":{"a":0,"k":[0,0],"ix":2},"a":{"a":0,"k":[0,0],"ix":1},"s":{"a":0,"k":[100,100],"ix":3},"r":{"a":0,"k":0,"ix":6},"o":{"a":0,"k":100,"ix":7},"sk":{"a":0,"k":0,"ix":4},"sa":{"a":0,"k":0,"ix":5},"nm":"Transform"}],"nm":"Rectangle-2-Copy-10","np":2,"cix":2,"ix":1,"mn":"ADBE Vector Group","hd":false}],"ip":0,"op":1800,"st":0,"bm":0},{"ddd":0,"ind":10,"ty":4,"nm":"big-box","sr":1,"ks":{"o":{"a":1,"k":[{"i":{"x":[0.497],"y":[0.613]},"o":{"x":[0.167],"y":[0.167]},"n":["0p497_0p613_0p167_0p167"],"t":892,"s":[0],"e":[18]},{"i":{"x":[0.338],"y":[0.107]},"o":{"x":[0.364],"y":[-1.386]},"n":["0p338_0p107_0p364_-1p386"],"t":908,"s":[18],"e":[8]},{"t":952}],"ix":11},"r":{"a":0,"k":0,"ix":10},"p":{"a":1,"k":[{"i":{"x":0.833,"y":0.833},"o":{"x":0.167,"y":0.167},"n":"0p833_0p833_0p167_0p167","t":892,"s":[538,499.347,0],"e":[538,499.347,0],"to":[0,0,0],"ti":[0,0,0]},{"t":937}],"ix":2},"a":{"a":0,"k":[113,109.347,0],"ix":1},"s":{"a":1,"k":[{"i":{"x":[0.585,0.585,0.667],"y":[0.555,0.555,6.171]},"o":{"x":[0.731,0.731,0.333],"y":[0.145,0.145,0]},"n":["0p585_0p555_0p731_0p145","0p585_0p555_0p731_0p145","0p667_6p171_0p333_0"],"t":877,"s":[8,8,100],"e":[99.478,99.478,100]},{"i":{"x":[0.411,0.411,0.667],"y":[656092.925,656092.925,1]},"o":{"x":[0.346,0.346,0.333],"y":[4817439.103,4817439.103,-4.899]},"n":["0p411_656092p925_0p346_4817439p103","0p411_656092p925_0p346_4817439p103","0p667_1_0p333_-4p899"],"t":915,"s":[99.478,99.478,100],"e":[99.478,99.478,100]},{"t":951}],"ix":6}},"ao":0,"shapes":[{"ty":"gr","it":[{"ind":0,"ty":"sh","ix":1,"ks":{"a":0,"k":{"i":[[-1.105,0],[0,0],[0,-1.105],[0,0],[1.105,0],[0,0],[0,1.105],[0,0]],"o":[[0,0],[1.105,0],[0,0],[0,1.105],[0,0],[-1.105,0],[0,0],[0,-1.105]],"v":[[16.957,87.25],[209.043,87.25],[211.043,89.25],[211.043,129.444],[209.043,131.444],[16.957,131.444],[14.957,129.444],[14.957,89.25]],"c":true},"ix":2},"nm":"Path 1","mn":"ADBE Vector Shape - Group","hd":false},{"ty":"gf","o":{"a":0,"k":100,"ix":10},"r":1,"g":{"p":3,"k":{"a":0,"k":[0,1,1,1,0.5,1,1,1,1,1,1,1,0,1,0.5,0.709,1,0.418],"ix":9}},"s":{"a":0,"k":[113,89],"ix":5},"e":{"a":0,"k":[113,131],"ix":6},"t":1,"nm":"Gradient Fill 1","mn":"ADBE Vector Graphic - G-Fill","hd":false},{"ty":"tr","p":{"a":0,"k":[0,0],"ix":2},"a":{"a":0,"k":[0,0],"ix":1},"s":{"a":0,"k":[100,100],"ix":3},"r":{"a":0,"k":0,"ix":6},"o":{"a":0,"k":100,"ix":7},"sk":{"a":0,"k":0,"ix":4},"sa":{"a":0,"k":0,"ix":5},"nm":"Transform"}],"nm":"big-box","np":2,"cix":2,"ix":1,"mn":"ADBE Vector Group","hd":false}],"ip":0,"op":1459,"st":0,"bm":0},{"ddd":0,"ind":11,"ty":4,"nm":"g-bg","sr":1,"ks":{"o":{"a":1,"k":[{"t":711,"s":[0],"h":1},{"i":{"x":[0.29],"y":[1]},"o":{"x":[0.71],"y":[0]},"n":["0p29_1_0p71_0"],"t":762.877,"s":[0],"e":[0]},{"i":{"x":[0.833],"y":[0.833]},"o":{"x":[0.71],"y":[0]},"n":["0p833_0p833_0p71_0"],"t":793.447,"s":[0],"e":[100]},{"t":862}],"ix":11},"r":{"a":0,"k":0,"ix":10},"p":{"a":0,"k":[538,531,0],"ix":2},"a":{"a":0,"k":[113,141,0],"ix":1},"s":{"a":1,"k":[{"i":{"x":[0.833,0.782,0.833],"y":[1,-0.032,1]},"o":{"x":[0.167,0.167,0.167],"y":[0,0.167,0]},"n":["0p833_1_0p167_0","0p782_-0p032_0p167_0p167","0p833_1_0p167_0"],"t":711,"s":[100,10.853,100],"e":[100,30.814,100]},{"i":{"x":[0.833,0.981,0.833],"y":[1,1.031,1]},"o":{"x":[0.167,0.697,0.167],"y":[0,0.199,0]},"n":["0p833_1_0p167_0","0p981_1p031_0p697_0p199","0p833_1_0p167_0"],"t":818.379,"s":[100,30.814,100],"e":[100,105.145,100]},{"i":{"x":[0.833,0.82,0.833],"y":[1,2.191,1]},"o":{"x":[0.167,0.181,0.167],"y":[0,3.432,0]},"n":["0p833_1_0p167_0","0p82_2p191_0p181_3p432","0p833_1_0p167_0"],"t":842.42,"s":[100,105.145,100],"e":[100,100,100]},{"t":862}],"ix":6}},"ao":0,"shapes":[{"ty":"gr","it":[{"ind":0,"ty":"sh","ix":1,"ks":{"a":0,"k":{"i":[[0,0],[0,0],[-1.657,0],[0,0],[0,-1.657],[0,0],[0,0],[0,0],[0,0]],"o":[[0,0],[0,-1.657],[0,0],[1.657,0],[0,0],[0,0],[0,0],[0,0],[0,0]],"v":[[3,-104.216],[3,-114],[6,-117],[95.7,-117],[98.7,-114],[98.7,-104.216],[223,-104.216],[223,141],[3,141]],"c":true},"ix":2},"nm":"Path 1","mn":"ADBE Vector Shape - Group","hd":false},{"ty":"gf","o":{"a":0,"k":100,"ix":10},"r":1,"g":{"p":3,"k":{"a":0,"k":[0,0.475,0.698,0.925,0.5,0.518,0.714,0.916,1,0.561,0.729,0.906,0.3,0,0.65,0.5,1,1],"ix":9}},"s":{"a":0,"k":[324,492],"ix":5},"e":{"a":0,"k":[68,-82.5],"ix":6},"t":1,"nm":"Gradient Fill 1","mn":"ADBE Vector Graphic - G-Fill","hd":false},{"ty":"tr","p":{"a":0,"k":[0,0],"ix":2},"a":{"a":0,"k":[0,0],"ix":1},"s":{"a":0,"k":[100,100],"ix":3},"r":{"a":0,"k":0,"ix":6},"o":{"a":0,"k":100,"ix":7},"sk":{"a":0,"k":0,"ix":4},"sa":{"a":0,"k":0,"ix":5},"nm":"Transform"}],"nm":"g-bg","np":2,"cix":2,"ix":1,"mn":"ADBE Vector Group","hd":false}],"ip":0,"op":1459,"st":0,"bm":0},{"ddd":0,"ind":12,"ty":4,"nm":"g-small-rect","sr":1,"ks":{"o":{"a":1,"k":[{"t":710,"s":[0],"h":1},{"i":{"x":[0.29],"y":[1]},"o":{"x":[0.71],"y":[0]},"n":["0p29_1_0p71_0"],"t":829,"s":[0],"e":[0]},{"i":{"x":[0.29],"y":[1]},"o":{"x":[0.71],"y":[0]},"n":["0p29_1_0p71_0"],"t":870,"s":[0],"e":[100]},{"t":909}],"ix":11},"r":{"a":0,"k":0,"ix":10},"p":{"a":1,"k":[{"i":{"x":0.29,"y":1},"o":{"x":0.71,"y":0},"n":"0p29_1_0p71_0","t":870,"s":[425,390,0],"e":[425,407,0],"to":[0,0,0],"ti":[0,0,0]},{"i":{"x":0.29,"y":1},"o":{"x":0.71,"y":0},"n":"0p29_1_0p71_0","t":873,"s":[425,407,0],"e":[425,390,0],"to":[0,0,0],"ti":[0,0,0]},{"t":909}],"ix":2},"a":{"a":0,"k":[0,0,0],"ix":1},"s":{"a":0,"k":[100,100,100],"ix":6}},"ao":0,"shapes":[{"ty":"gr","it":[{"ind":0,"ty":"sh","ix":1,"ks":{"a":0,"k":{"i":[[-1.657,0],[0,0],[0,-1.657],[0,0],[0,0],[0,0]],"o":[[0,0],[1.657,0],[0,0],[0,0],[0,0],[0,-1.657]],"v":[[96.87,-117],[220,-117],[223,-114],[223,-102.667],[93.87,-102.667],[93.87,-114]],"c":true},"ix":2},"nm":"Path 1","mn":"ADBE Vector Shape - Group","hd":false},{"ty":"gf","o":{"a":0,"k":100,"ix":10},"r":1,"g":{"p":3,"k":{"a":0,"k":[0,0.376,0.62,0.855,0.5,0.376,0.62,0.855,1,0.376,0.62,0.855,0,0.929,0.5,0.965,1,1],"ix":9}},"s":{"a":0,"k":[141,-123],"ix":5},"e":{"a":0,"k":[188.333,-83],"ix":6},"t":1,"nm":"Gradient Fill 1","mn":"ADBE Vector Graphic - G-Fill","hd":false},{"ty":"tr","p":{"a":0,"k":[0,0],"ix":2},"a":{"a":0,"k":[0,0],"ix":1},"s":{"a":0,"k":[100,100],"ix":3},"r":{"a":0,"k":0,"ix":6},"o":{"a":0,"k":100,"ix":7},"sk":{"a":0,"k":0,"ix":4},"sa":{"a":0,"k":0,"ix":5},"nm":"Transform"}],"nm":"g-small-rect","np":2,"cix":2,"ix":1,"mn":"ADBE Vector Group","hd":false}],"ip":0,"op":1459,"st":0,"bm":0},{"ddd":0,"ind":13,"ty":4,"nm":"box1 - content 3","sr":1,"ks":{"o":{"a":1,"k":[{"i":{"x":[0.52],"y":[1]},"o":{"x":[0.65],"y":[0]},"n":["0p52_1_0p65_0"],"t":799,"s":[0],"e":[30]},{"t":943}],"ix":11,"x":"var $bm_rt;\nfunction easeandwizz_inoutQuad(t, b, c, d) {\n    if ((t /= d / 2) < 1)\n        return sum(mul(mul(div(c, 2), t), t), b);\n    return sum(mul(div($bm_neg(c), 2), sub(mul(--t, sub(t, 2)), 1)), b);\n}\nfunction easeAndWizz() {\n    var t, d, sX, eX, sY, eY, sZ, eZ, val1, val2, val2, val3;\n    var n = 0;\n    if (numKeys > 0) {\n        n = nearestKey(time).index;\n        if (key(n).time > time) {\n            n--;\n        }\n    }\n    try {\n        var key1 = key(n);\n        var key2 = key(sum(n, 1));\n    } catch (e) {\n        return null;\n    }\n    var dim = 1;\n    try {\n        key(1)[1].length;\n        dim = 2;\n        key(1)[2].length;\n        dim = 3;\n    } catch (e) {\n    }\n    t = sub(time, key1.time);\n    d = sub(key2.time, key1.time);\n    sX = key1[0];\n    eX = sub(key2[0], key1[0]);\n    if (dim >= 2) {\n        sY = key1[1];\n        eY = sub(key2[1], key1[1]);\n        if (dim >= 3) {\n            sZ = key1[2];\n            eZ = sub(key2[2], key1[2]);\n        }\n    }\n    if (time < key1.time || time > key2.time) {\n        return value;\n    } else {\n        val1 = easeandwizz_inoutQuad(t, sX, eX, d);\n        switch (dim) {\n        case 1:\n            return val1;\n            break;\n        case 2:\n            val2 = easeandwizz_inoutQuad(t, sY, eY, d);\n            return [\n                val1,\n                val2\n            ];\n            break;\n        case 3:\n            val2 = easeandwizz_inoutQuad(t, sY, eY, d);\n            val3 = easeandwizz_inoutQuad(t, sZ, eZ, d);\n            return [\n                val1,\n                val2,\n                val3\n            ];\n            break;\n        default:\n            return null;\n        }\n    }\n}\n$bm_rt = easeAndWizz() || value;"},"r":{"a":0,"k":0,"ix":10},"p":{"s":true,"x":{"a":0,"k":352.45,"ix":3},"y":{"a":1,"k":[{"i":{"x":[0.671],"y":[0.336]},"o":{"x":[0.338],"y":[0]},"n":["0p671_0p336_0p338_0"],"t":787,"s":[468.76],"e":[468.711]},{"i":{"x":[0.765],"y":[0.817]},"o":{"x":[0.648],"y":[0.017]},"n":["0p765_0p817_0p648_0p017"],"t":790,"s":[468.711],"e":[335.131]},{"i":{"x":[0.748],"y":[1]},"o":{"x":[0.322],"y":[28.287]},"n":["0p748_1_0p322_28p287"],"t":895,"s":[335.131],"e":[334.77]},{"i":{"x":[0.665],"y":[1]},"o":{"x":[0.331],"y":[0]},"n":["0p665_1_0p331_0"],"t":927,"s":[334.77],"e":[334.76]},{"t":928}],"ix":4,"x":"var $bm_rt;\nfunction easeandwizz_inoutQuad(t, b, c, d) {\n    if ((t /= d / 2) < 1)\n        return sum(mul(mul(div(c, 2), t), t), b);\n    return sum(mul(div($bm_neg(c), 2), sub(mul(--t, sub(t, 2)), 1)), b);\n}\nfunction easeAndWizz() {\n    var t, d, sX, eX, sY, eY, sZ, eZ, val1, val2, val2, val3;\n    var n = 0;\n    if (numKeys > 0) {\n        n = nearestKey(time).index;\n        if (key(n).time > time) {\n            n--;\n        }\n    }\n    try {\n        var key1 = key(n);\n        var key2 = key(sum(n, 1));\n    } catch (e) {\n        return null;\n    }\n    var dim = 1;\n    try {\n        key(1)[1].length;\n        dim = 2;\n        key(1)[2].length;\n        dim = 3;\n    } catch (e) {\n    }\n    t = sub(time, key1.time);\n    d = sub(key2.time, key1.time);\n    sX = key1[0];\n    eX = sub(key2[0], key1[0]);\n    if (dim >= 2) {\n        sY = key1[1];\n        eY = sub(key2[1], key1[1]);\n        if (dim >= 3) {\n            sZ = key1[2];\n            eZ = sub(key2[2], key1[2]);\n        }\n    }\n    if (time < key1.time || time > key2.time) {\n        return value;\n    } else {\n        val1 = easeandwizz_inoutQuad(t, sX, eX, d);\n        switch (dim) {\n        case 1:\n            return val1;\n            break;\n        case 2:\n            val2 = easeandwizz_inoutQuad(t, sY, eY, d);\n            return [\n                val1,\n                val2\n            ];\n            break;\n        case 3:\n            val2 = easeandwizz_inoutQuad(t, sY, eY, d);\n            val3 = easeandwizz_inoutQuad(t, sZ, eZ, d);\n            return [\n                val1,\n                val2,\n                val3\n            ];\n            break;\n        default:\n            return null;\n        }\n    }\n}\n$bm_rt = easeAndWizz() || value;"}},"a":{"a":0,"k":[-185.55,-55.24,0],"ix":1},"s":{"a":0,"k":[99.247,99.247,100],"ix":6,"x":"var $bm_rt;\nfunction doIt() {\n    var easingEquation, val1, val2, val3;\n    var ew_one = expoOut;\n    var ew_two = expoIn;\n    var n = 0;\n    if (numKeys > 0) {\n        n = nearestKey(time).index;\n        if (key(n).time > time) {\n            n--;\n        }\n        if (n < 2) {\n            easingEquation = ew_one;\n        } else if (n >= numKeys - 1) {\n            easingEquation = ew_two;\n        } else {\n            return null;\n        }\n    }\n    try {\n        var key1 = key(n);\n        var key2 = key(sum(n, 1));\n    } catch (e) {\n        return null;\n    }\n    var dim = 1;\n    try {\n        key(1)[1].length;\n        dim = 2;\n        key(1)[2].length;\n        dim = 3;\n    } catch (e) {\n    }\n    var t = sub(time, key1.time);\n    var d = sub(key2.time, key1.time);\n    var sX = key1[0];\n    var eX = sub(key2[0], key1[0]);\n    if (dim >= 2) {\n        var sY = key1[1];\n        var eY = sub(key2[1], key1[1]);\n        if (dim >= 3) {\n            var sZ = key1[2];\n            var eZ = sub(key2[2], key1[2]);\n        }\n    }\n    if (time < key1.time || time > key2.time) {\n        return value;\n    } else {\n        val1 = easingEquation(t, sX, eX, d);\n        switch (dim) {\n        case 1:\n            return val1;\n            break;\n        case 2:\n            val2 = easingEquation(t, sY, eY, d);\n            return [\n                val1,\n                val2\n            ];\n            break;\n        case 3:\n            val2 = easingEquation(t, sY, eY, d);\n            val3 = easingEquation(t, sZ, eZ, d);\n            return [\n                val1,\n                val2,\n                val3\n            ];\n            break;\n        default:\n            return null;\n        }\n    }\n}\nvar IN_EXPO_CORRECTION = 0.000976563;\nvar OUT_EXPO_CORRECTION = 1.000976563;\nvar s = 1.70158;\nvar p = 0.81;\nvar a = 50;\nfunction bounceOut(t, b, c, d) {\n    if ((t /= d) < 1 / 2.75) {\n        return sum(mul(c, mul(mul(7.5625, t), t)), b);\n    } else if (t < 2 / 2.75) {\n        return sum(mul(c, sum(mul(mul(7.5625, t -= 1.5 / 2.75), t), 0.75)), b);\n    } else if (t < 2.5 / 2.75) {\n        return sum(mul(c, sum(mul(mul(7.5625, t -= 2.25 / 2.75), t), 0.9375)), b);\n    } else {\n        return sum(mul(c, sum(mul(mul(7.5625, t -= 2.625 / 2.75), t), 0.984375)), b);\n    }\n}\nfunction bounceIn(t, b, c, d) {\n    return sum(sub(c, bounceOut(sub(d, t), 0, c, d)), b);\n}\nfunction bounceInOut(t, b, c, d) {\n    if (t < d / 2)\n        return sum(mul(bounceIn(mul(t, 2), 0, c, d), 0.5), b);\n    else\n        return bounceOut(t * 2 - d, 0, c, d) * 0.5 + c * 0.5 + b;\n}\nfunction backIn(t, b, c, d) {\n    return sum(mul(mul(mul(c, t /= d), t), sub(mul(sum(s, 1), t), s)), b);\n}\nfunction backInOut(t, b, c, d) {\n    if ((t /= d / 2) < 1)\n        return sum(mul(div(c, 2), mul(mul(t, t), sub(mul(sum(s *= 1.525, 1), t), s))), b);\n    return sum(mul(div(c, 2), sum(mul(mul(t -= 2, t), sum(mul(sum(s *= 1.525, 1), t), s)), 2)), b);\n}\nfunction backOut(t, b, c, d) {\n    return sum(mul(c, sum(mul(mul(t = t / d - 1, t), sum(mul(sum(s, 1), t), s)), 1)), b);\n}\nfunction circIn(t, b, c, d) {\n    return sum(mul($bm_neg(c), sub(Math.sqrt(sub(1, mul(t /= d, t))), 1)), b);\n}\nfunction circInOut(t, b, c, d) {\n    if ((t /= d / 2) < 1)\n        return sum(mul(div($bm_neg(c), 2), sub(Math.sqrt(sub(1, mul(t, t))), 1)), b);\n    return sum(mul(div(c, 2), sum(Math.sqrt(sub(1, mul(t -= 2, t))), 1)), b);\n}\nfunction circOut(t, b, c, d) {\n    return sum(mul(c, Math.sqrt(sub(1, mul(t = t / d - 1, t)))), b);\n}\nfunction elasticIn(t, b, c, d) {\n    if (t == 0)\n        return b;\n    if ((t /= d) == 1)\n        return sum(b, c);\n    if (!p)\n        p = mul(d, 0.3);\n    if (!a || a < Math.abs(c)) {\n        a = c;\n        s = div(p, 4);\n    } else\n        s = mul(div(p, mul(2, Math.PI)), Math.asin(div(c, a)));\n    return sum($bm_neg(mul(mul(a, Math.pow(2, mul(10, t -= 1))), Math.sin(div(mul(sub(mul(t, d), s), mul(2, Math.PI)), p)))), b);\n}\nfunction elasticInOut(t, b, c, d) {\n    if (t == 0)\n        return b;\n    if ((t /= d / 2) == 2)\n        return sum(b, c);\n    if (!p)\n        p = mul(d, 0.3 * 1.5);\n    if (!a || a < Math.abs(c)) {\n        a = c;\n        s = div(p, 4);\n    } else\n        s = mul(div(p, mul(2, Math.PI)), Math.asin(div(c, a)));\n    if (t < 1)\n        return sum(mul(-0.5, mul(mul(a, Math.pow(2, mul(10, t -= 1))), Math.sin(div(mul(sub(mul(t, d), s), mul(2, Math.PI)), p)))), b);\n    return sum(sum(mul(mul(mul(a, Math.pow(2, mul(-10, t -= 1))), Math.sin(div(mul(sub(mul(t, d), s), mul(2, Math.PI)), p))), 0.5), c), b);\n}\nfunction elasticOut(t, b, c, d) {\n    if (t == 0)\n        return b;\n    if ((t /= d) == 1)\n        return sum(b, c);\n    if (!p)\n        p = mul(d, 0.3);\n    if (!a || a < Math.abs(c)) {\n        a = c;\n        s = div(p, 4);\n    } else\n        s = mul(div(p, mul(2, Math.PI)), Math.asin(div(c, a)));\n    return sum(sum(mul(mul(a, Math.pow(2, mul(-10, t))), Math.sin(div(mul(sub(mul(t, d), s), mul(2, Math.PI)), p))), c), b);\n}\nfunction expoIn(t, b, c, d) {\n    return t == 0 ? b : c * (Math.pow(2, 10 * (t / d - 1)) - IN_EXPO_CORRECTION) + b;\n}\nfunction expoInOut(t, b, c, d) {\n    var v;\n    if ((t /= d / 2) < 1) {\n        v = sub(Math.pow(2, mul(10, sub(t, 1))), IN_EXPO_CORRECTION);\n    } else {\n        v = sum(sum($bm_neg(Math.pow(2, mul(-10, sub(t, 1)))), 2), IN_EXPO_CORRECTION);\n    }\n    return sum(b, mul(div(v, 2), c));\n}\nfunction expoOut(t, b, c, d) {\n    return t == d ? b + c : c * OUT_EXPO_CORRECTION * (-Math.pow(2, -10 * t / d) + 1) + b;\n}\nfunction quadIn(t, b, c, d) {\n    return sum(mul(mul(c, t /= d), t), b);\n}\nfunction quadInOut(t, b, c, d) {\n    if ((t /= d / 2) < 1)\n        return sum(mul(mul(div(c, 2), t), t), b);\n    return sum(mul(div($bm_neg(c), 2), sub(mul(--t, sub(t, 2)), 1)), b);\n}\nfunction quadOut(t, b, c, d) {\n    return sum(mul(mul($bm_neg(c), t /= d), sub(t, 2)), b);\n}\nfunction quartIn(t, b, c, d) {\n    return sum(mul(mul(mul(mul(c, t /= d), t), t), t), b);\n}\nfunction quartInOut(t, b, c, d) {\n    if ((t /= d / 2) < 1)\n        return sum(mul(mul(mul(mul(div(c, 2), t), t), t), t), b);\n    return sum(mul(div($bm_neg(c), 2), sub(mul(mul(mul(t -= 2, t), t), t), 2)), b);\n}\nfunction quartOut(t, b, c, d) {\n    return sum(mul($bm_neg(c), sub(mul(mul(mul(t = t / d - 1, t), t), t), 1)), b);\n}\nfunction quintIn(t, b, c, d) {\n    return sum(mul(mul(mul(mul(mul(c, t /= d), t), t), t), t), b);\n}\nfunction quintInOut(t, b, c, d) {\n    if ((t /= d / 2) < 1)\n        return sum(mul(mul(mul(mul(mul(div(c, 2), t), t), t), t), t), b);\n    return sum(mul(div(c, 2), sum(mul(mul(mul(mul(t -= 2, t), t), t), t), 2)), b);\n}\nfunction quintOut(t, b, c, d) {\n    return sum(mul(c, sum(mul(mul(mul(mul(t = t / d - 1, t), t), t), t), 1)), b);\n}\nfunction sineIn(t, b, c, d) {\n    return sum(sum(mul($bm_neg(c), Math.cos(mul(div(t, d), div(Math.PI, 2)))), c), b);\n}\nfunction sineInOut(t, b, c, d) {\n    return sum(mul(div($bm_neg(c), 2), sub(Math.cos(div(mul(Math.PI, t), d)), 1)), b);\n}\nfunction sineOut(t, b, c, d) {\n    return sum(mul(c, Math.sin(mul(div(t, d), div(Math.PI, 2)))), b);\n}\n$bm_rt = doIt() || value;"}},"ao":0,"shapes":[{"ty":"gr","it":[{"ty":"gr","it":[{"ind":0,"ty":"sh","ix":1,"ks":{"a":0,"k":{"i":[[0,0],[0,0],[0,0]],"o":[[0,0],[0,0],[0,0]],"v":[[-215.2,-58.472],[-217,-62.056],[-213.4,-62.056]],"c":true},"ix":2},"nm":"Path 1","mn":"ADBE Vector Shape - Group","hd":false},{"ty":"fl","c":{"a":0,"k":[1,1,1,1],"ix":4},"o":{"a":0,"k":100,"ix":5},"r":1,"nm":"Fill 1","mn":"ADBE Vector Graphic - Fill","hd":false},{"ty":"tr","p":{"a":0,"k":[0,0],"ix":2},"a":{"a":0,"k":[0,0],"ix":1},"s":{"a":0,"k":[100,100],"ix":3},"r":{"a":0,"k":0,"ix":6},"o":{"a":0,"k":100,"ix":7},"sk":{"a":0,"k":0,"ix":4},"sa":{"a":0,"k":0,"ix":5},"nm":"Transform"}],"nm":"Triangle-Copy-4","np":2,"cix":2,"ix":1,"mn":"ADBE Vector Group","hd":false},{"ty":"gr","it":[{"ind":0,"ty":"sh","ix":1,"ks":{"a":0,"k":{"i":[[0,0],[0,0],[0,0]],"o":[[0,0],[0,0],[0,0]],"v":[[-215.2,-77.583],[-217,-81.167],[-213.4,-81.167]],"c":true},"ix":2},"nm":"Path 1","mn":"ADBE Vector Shape - Group","hd":false},{"ty":"fl","c":{"a":0,"k":[1,1,1,1],"ix":4},"o":{"a":0,"k":100,"ix":5},"r":1,"nm":"Fill 1","mn":"ADBE Vector Graphic - Fill","hd":false},{"ty":"tr","p":{"a":0,"k":[0,0],"ix":2},"a":{"a":0,"k":[0,0],"ix":1},"s":{"a":0,"k":[100,100],"ix":3},"r":{"a":0,"k":0,"ix":6},"o":{"a":0,"k":100,"ix":7},"sk":{"a":0,"k":0,"ix":4},"sa":{"a":0,"k":0,"ix":5},"nm":"Transform"}],"nm":"Triangle-Copy-3","np":2,"cix":2,"ix":2,"mn":"ADBE Vector Group","hd":false},{"ty":"gr","it":[{"ind":0,"ty":"sh","ix":1,"ks":{"a":0,"k":{"i":[[0,0],[0,0],[0,0]],"o":[[0,0],[0,0],[0,0]],"v":[[-213.408,-88.931],[-216.992,-87.131],[-216.992,-90.731]],"c":true},"ix":2},"nm":"Path 1","mn":"ADBE Vector Shape - Group","hd":false},{"ty":"fl","c":{"a":0,"k":[1,1,1,1],"ix":4},"o":{"a":0,"k":100,"ix":5},"r":1,"nm":"Fill 1","mn":"ADBE Vector Graphic - Fill","hd":false},{"ty":"tr","p":{"a":0,"k":[0,0],"ix":2},"a":{"a":0,"k":[0,0],"ix":1},"s":{"a":0,"k":[100,100],"ix":3},"r":{"a":0,"k":0,"ix":6},"o":{"a":0,"k":100,"ix":7},"sk":{"a":0,"k":0,"ix":4},"sa":{"a":0,"k":0,"ix":5},"nm":"Transform"}],"nm":"Triangle","np":2,"cix":2,"ix":3,"mn":"ADBE Vector Group","hd":false},{"ty":"gr","it":[{"ty":"rc","d":1,"s":{"a":0,"k":[52.8,3.583],"ix":2},"p":{"a":0,"k":[-180.5,-21.542],"ix":3},"r":{"a":0,"k":0,"ix":4},"nm":"Rectangle Path 1","mn":"ADBE Vector Shape - Rect","hd":false},{"ty":"fl","c":{"a":0,"k":[1,1,1,1],"ix":4},"o":{"a":0,"k":100,"ix":5},"r":1,"nm":"Fill 1","mn":"ADBE Vector Graphic - Fill","hd":false},{"ty":"tr","p":{"a":0,"k":[0,0],"ix":2},"a":{"a":0,"k":[0,0],"ix":1},"s":{"a":0,"k":[100,100],"ix":3},"r":{"a":0,"k":0,"ix":6},"o":{"a":0,"k":100,"ix":7},"sk":{"a":0,"k":0,"ix":4},"sa":{"a":0,"k":0,"ix":5},"nm":"Transform"}],"nm":"Rectangle-8-Copy-13","np":2,"cix":2,"ix":4,"mn":"ADBE Vector Group","hd":false},{"ty":"gr","it":[{"ty":"rc","d":1,"s":{"a":0,"k":[52.8,3.583],"ix":2},"p":{"a":0,"k":[-180.5,-40.653],"ix":3},"r":{"a":0,"k":0,"ix":4},"nm":"Rectangle Path 1","mn":"ADBE Vector Shape - Rect","hd":false},{"ty":"fl","c":{"a":0,"k":[1,1,1,1],"ix":4},"o":{"a":0,"k":100,"ix":5},"r":1,"nm":"Fill 1","mn":"ADBE Vector Graphic - Fill","hd":false},{"ty":"tr","p":{"a":0,"k":[0,0],"ix":2},"a":{"a":0,"k":[0,0],"ix":1},"s":{"a":0,"k":[100,100],"ix":3},"r":{"a":0,"k":0,"ix":6},"o":{"a":0,"k":100,"ix":7},"sk":{"a":0,"k":0,"ix":4},"sa":{"a":0,"k":0,"ix":5},"nm":"Transform"}],"nm":"Rectangle-8-Copy-11","np":2,"cix":2,"ix":5,"mn":"ADBE Vector Group","hd":false},{"ty":"gr","it":[{"ty":"rc","d":1,"s":{"a":0,"k":[52.8,3.583],"ix":2},"p":{"a":0,"k":[-180.5,-31.097],"ix":3},"r":{"a":0,"k":0,"ix":4},"nm":"Rectangle Path 1","mn":"ADBE Vector Shape - Rect","hd":false},{"ty":"fl","c":{"a":0,"k":[1,1,1,1],"ix":4},"o":{"a":0,"k":100,"ix":5},"r":1,"nm":"Fill 1","mn":"ADBE Vector Graphic - Fill","hd":false},{"ty":"tr","p":{"a":0,"k":[0,0],"ix":2},"a":{"a":0,"k":[0,0],"ix":1},"s":{"a":0,"k":[100,100],"ix":3},"r":{"a":0,"k":0,"ix":6},"o":{"a":0,"k":100,"ix":7},"sk":{"a":0,"k":0,"ix":4},"sa":{"a":0,"k":0,"ix":5},"nm":"Transform"}],"nm":"Rectangle-8-Copy-12","np":2,"cix":2,"ix":6,"mn":"ADBE Vector Group","hd":false},{"ty":"gr","it":[{"ty":"rc","d":1,"s":{"a":0,"k":[52.8,3.583],"ix":2},"p":{"a":0,"k":[-180.5,-50.208],"ix":3},"r":{"a":0,"k":0,"ix":4},"nm":"Rectangle Path 1","mn":"ADBE Vector Shape - Rect","hd":false},{"ty":"fl","c":{"a":0,"k":[1,1,1,1],"ix":4},"o":{"a":0,"k":100,"ix":5},"r":1,"nm":"Fill 1","mn":"ADBE Vector Graphic - Fill","hd":false},{"ty":"tr","p":{"a":0,"k":[0,0],"ix":2},"a":{"a":0,"k":[0,0],"ix":1},"s":{"a":0,"k":[100,100],"ix":3},"r":{"a":0,"k":0,"ix":6},"o":{"a":0,"k":100,"ix":7},"sk":{"a":0,"k":0,"ix":4},"sa":{"a":0,"k":0,"ix":5},"nm":"Transform"}],"nm":"Rectangle-8-Copy-10","np":2,"cix":2,"ix":7,"mn":"ADBE Vector Group","hd":false},{"ty":"gr","it":[{"ty":"rc","d":1,"s":{"a":0,"k":[52.8,3.583],"ix":2},"p":{"a":0,"k":[-180.5,-69.319],"ix":3},"r":{"a":0,"k":0,"ix":4},"nm":"Rectangle Path 1","mn":"ADBE Vector Shape - Rect","hd":false},{"ty":"fl","c":{"a":0,"k":[1,1,1,1],"ix":4},"o":{"a":0,"k":100,"ix":5},"r":1,"nm":"Fill 1","mn":"ADBE Vector Graphic - Fill","hd":false},{"ty":"tr","p":{"a":0,"k":[0,0],"ix":2},"a":{"a":0,"k":[0,0],"ix":1},"s":{"a":0,"k":[100,100],"ix":3},"r":{"a":0,"k":0,"ix":6},"o":{"a":0,"k":100,"ix":7},"sk":{"a":0,"k":0,"ix":4},"sa":{"a":0,"k":0,"ix":5},"nm":"Transform"}],"nm":"Rectangle-8-Copy-8","np":2,"cix":2,"ix":8,"mn":"ADBE Vector Group","hd":false},{"ty":"gr","it":[{"ty":"rc","d":1,"s":{"a":0,"k":[24,3.583],"ix":2},"p":{"a":0,"k":[-197.3,-59.764],"ix":3},"r":{"a":0,"k":0,"ix":4},"nm":"Rectangle Path 1","mn":"ADBE Vector Shape - Rect","hd":false},{"ty":"fl","c":{"a":0,"k":[1,1,1,1],"ix":4},"o":{"a":0,"k":100,"ix":5},"r":1,"nm":"Fill 1","mn":"ADBE Vector Graphic - Fill","hd":false},{"ty":"tr","p":{"a":0,"k":[0,0],"ix":2},"a":{"a":0,"k":[0,0],"ix":1},"s":{"a":0,"k":[100,100],"ix":3},"r":{"a":0,"k":0,"ix":6},"o":{"a":0,"k":100,"ix":7},"sk":{"a":0,"k":0,"ix":4},"sa":{"a":0,"k":0,"ix":5},"nm":"Transform"}],"nm":"Rectangle-8-Copy-9","np":2,"cix":2,"ix":9,"mn":"ADBE Vector Group","hd":false},{"ty":"gr","it":[{"ty":"rc","d":1,"s":{"a":0,"k":[24,3.583],"ix":2},"p":{"a":0,"k":[-197.3,-78.875],"ix":3},"r":{"a":0,"k":0,"ix":4},"nm":"Rectangle Path 1","mn":"ADBE Vector Shape - Rect","hd":false},{"ty":"fl","c":{"a":0,"k":[1,1,1,1],"ix":4},"o":{"a":0,"k":100,"ix":5},"r":1,"nm":"Fill 1","mn":"ADBE Vector Graphic - Fill","hd":false},{"ty":"tr","p":{"a":0,"k":[0,0],"ix":2},"a":{"a":0,"k":[0,0],"ix":1},"s":{"a":0,"k":[100,100],"ix":3},"r":{"a":0,"k":0,"ix":6},"o":{"a":0,"k":100,"ix":7},"sk":{"a":0,"k":0,"ix":4},"sa":{"a":0,"k":0,"ix":5},"nm":"Transform"}],"nm":"Rectangle-8-Copy-7","np":2,"cix":2,"ix":10,"mn":"ADBE Vector Group","hd":false},{"ty":"gr","it":[{"ty":"rc","d":1,"s":{"a":0,"k":[24,3.583],"ix":2},"p":{"a":0,"k":[-197.3,-88.431],"ix":3},"r":{"a":0,"k":0,"ix":4},"nm":"Rectangle Path 1","mn":"ADBE Vector Shape - Rect","hd":false},{"ty":"fl","c":{"a":0,"k":[1,1,1,1],"ix":4},"o":{"a":0,"k":100,"ix":5},"r":1,"nm":"Fill 1","mn":"ADBE Vector Graphic - Fill","hd":false},{"ty":"tr","p":{"a":0,"k":[0,0],"ix":2},"a":{"a":0,"k":[0,0],"ix":1},"s":{"a":0,"k":[100,100],"ix":3},"r":{"a":0,"k":0,"ix":6},"o":{"a":0,"k":100,"ix":7},"sk":{"a":0,"k":0,"ix":4},"sa":{"a":0,"k":0,"ix":5},"nm":"Transform"}],"nm":"Rectangle-8","np":2,"cix":2,"ix":11,"mn":"ADBE Vector Group","hd":false},{"ty":"tr","p":{"a":0,"k":[0,0],"ix":2},"a":{"a":0,"k":[0,0],"ix":1},"s":{"a":0,"k":[100,100],"ix":3},"r":{"a":0,"k":0,"ix":6},"o":{"a":0,"k":100,"ix":7},"sk":{"a":0,"k":0,"ix":4},"sa":{"a":0,"k":0,"ix":5},"nm":"Transform"}],"nm":"1st-box--content","np":11,"cix":2,"ix":1,"mn":"ADBE Vector Group","hd":false}],"ip":0,"op":1459,"st":0,"bm":0},{"ddd":0,"ind":14,"ty":4,"nm":"box-1-bg 2","sr":1,"ks":{"o":{"a":1,"k":[{"i":{"x":[0.833],"y":[-4]},"o":{"x":[0.167],"y":[5]},"n":["0p833_-4_0p167_5"],"t":684,"s":[0],"e":[0]},{"i":{"x":[0.833],"y":[1]},"o":{"x":[0.167],"y":[0.042]},"n":["0p833_1_0p167_0p042"],"t":773,"s":[0],"e":[100]},{"t":847}],"ix":11},"r":{"a":0,"k":0,"ix":10},"p":{"a":0,"k":[363.5,531,0],"ix":2},"a":{"a":0,"k":[-174.5,141,0],"ix":1},"s":{"a":1,"k":[{"i":{"x":[0.833,0.782,0.833],"y":[1,-0.032,1]},"o":{"x":[0.167,0.167,0.167],"y":[0,0.167,0]},"n":["0p833_1_0p167_0","0p782_-0p032_0p167_0p167","0p833_1_0p167_0"],"t":684,"s":[100,10.853,100],"e":[100,30.814,100]},{"i":{"x":[0.833,0.983,0.833],"y":[1,1.024,1]},"o":{"x":[0.167,0.697,0.167],"y":[0,0.199,0]},"n":["0p833_1_0p167_0","0p983_1p024_0p697_0p199","0p833_1_0p167_0"],"t":799.912,"s":[100,30.814,100],"e":[100,105.145,100]},{"i":{"x":[0.833,0.879,0.833],"y":[1,2.018,1]},"o":{"x":[0.167,0.236,0.167],"y":[0,3.927,0]},"n":["0p833_1_0p167_0","0p879_2p018_0p236_3p927","0p833_1_0p167_0"],"t":825.863,"s":[100,105.145,100],"e":[100,100,100]},{"t":847}],"ix":6}},"ao":0,"shapes":[{"ty":"gr","it":[{"ind":0,"ty":"sh","ix":1,"ks":{"a":0,"k":{"i":[[0,0],[0,0],[-1.657,0],[0,0],[0,-1.657],[0,0],[0,0],[0,0],[0,0]],"o":[[0,0],[0,-1.657],[0,0],[1.657,0],[0,0],[0,0],[0,0],[0,0],[0,0]],"v":[[-223,-107.444],[-223,-114],[-220,-117],[-171.957,-117],[-168.957,-114],[-168.957,-107.444],[-126,-107.444],[-126,141],[-223,141]],"c":true},"ix":2},"nm":"Path 1","mn":"ADBE Vector Shape - Group","hd":false},{"ty":"gf","o":{"a":0,"k":100,"ix":10},"r":1,"g":{"p":3,"k":{"a":0,"k":[0,0.475,0.698,0.925,0.5,0.518,0.714,0.916,1,0.561,0.729,0.906,0.335,0,0.668,0.5,1,1],"ix":9}},"s":{"a":0,"k":[-75,496],"ix":5},"e":{"a":0,"k":[-196,-87],"ix":6},"t":1,"nm":"Gradient Fill 1","mn":"ADBE Vector Graphic - G-Fill","hd":false},{"ty":"tr","p":{"a":0,"k":[0,0],"ix":2},"a":{"a":0,"k":[0,0],"ix":1},"s":{"a":0,"k":[100,100],"ix":3},"r":{"a":0,"k":0,"ix":6},"o":{"a":0,"k":100,"ix":7},"sk":{"a":0,"k":0,"ix":4},"sa":{"a":0,"k":0,"ix":5},"nm":"Transform"}],"nm":"Combined-Shape","np":2,"cix":2,"ix":1,"mn":"ADBE Vector Group","hd":false}],"ip":0,"op":1459,"st":0,"bm":0},{"ddd":0,"ind":15,"ty":4,"nm":"box1-small-rect 2","sr":1,"ks":{"o":{"a":1,"k":[{"t":710,"s":[0],"h":1},{"i":{"x":[0.29],"y":[1]},"o":{"x":[0.71],"y":[0]},"n":["0p29_1_0p71_0"],"t":788,"s":[0],"e":[91]},{"t":844}],"ix":11},"r":{"a":0,"k":0,"ix":10},"p":{"a":1,"k":[{"i":{"x":0.29,"y":1},"o":{"x":0.71,"y":0},"n":"0p29_1_0p71_0","t":788,"s":[388.4,302.167,0],"e":[388.4,280.167,0],"to":[0,-3.66666674613953,0],"ti":[0,3.66666674613953,0]},{"t":844}],"ix":2},"a":{"a":0,"k":[-149.6,-109.833,0],"ix":1},"s":{"a":0,"k":[100,100,100],"ix":6}},"ao":0,"shapes":[{"ty":"gr","it":[{"ind":0,"ty":"sh","ix":1,"ks":{"a":0,"k":{"i":[[-1.657,0],[0,0],[0,-1.657],[0,0],[0,0],[0,0]],"o":[[0,0],[1.657,0],[0,0],[0,0],[0,0],[0,-1.657]],"v":[[-170,-117],[-129.2,-117],[-126.2,-114],[-126.2,-102.667],[-173,-102.667],[-173,-114]],"c":true},"ix":2},"nm":"Path 1","mn":"ADBE Vector Shape - Group","hd":false},{"ty":"gf","o":{"a":0,"k":100,"ix":10},"r":1,"g":{"p":3,"k":{"a":0,"k":[0,0.376,0.62,0.855,0.5,0.376,0.62,0.855,1,0.376,0.62,0.855,0,0.929,0.5,0.965,1,1],"ix":9}},"s":{"a":0,"k":[-133,-80],"ix":5},"e":{"a":0,"k":[-154,-114],"ix":6},"t":1,"nm":"Gradient Fill 1","mn":"ADBE Vector Graphic - G-Fill","hd":false},{"ty":"tr","p":{"a":0,"k":[0,0],"ix":2},"a":{"a":0,"k":[0,0],"ix":1},"s":{"a":0,"k":[100,100],"ix":3},"r":{"a":0,"k":0,"ix":6},"o":{"a":0,"k":100,"ix":7},"sk":{"a":0,"k":0,"ix":4},"sa":{"a":0,"k":0,"ix":5},"nm":"Transform"}],"nm":"Rectangle-7-Copy","np":2,"cix":2,"ix":1,"mn":"ADBE Vector Group","hd":false}],"ip":0,"op":1459,"st":0,"bm":0},{"ddd":0,"ind":16,"ty":4,"nm":"box1 - content","sr":1,"ks":{"o":{"a":1,"k":[{"i":{"x":[0.52],"y":[1]},"o":{"x":[0.65],"y":[0]},"n":["0p52_1_0p65_0"],"t":759,"s":[0],"e":[30]},{"t":903}],"ix":11,"x":"var $bm_rt;\nfunction easeandwizz_inoutQuad(t, b, c, d) {\n    if ((t /= d / 2) < 1)\n        return sum(mul(mul(div(c, 2), t), t), b);\n    return sum(mul(div($bm_neg(c), 2), sub(mul(--t, sub(t, 2)), 1)), b);\n}\nfunction easeAndWizz() {\n    var t, d, sX, eX, sY, eY, sZ, eZ, val1, val2, val2, val3;\n    var n = 0;\n    if (numKeys > 0) {\n        n = nearestKey(time).index;\n        if (key(n).time > time) {\n            n--;\n        }\n    }\n    try {\n        var key1 = key(n);\n        var key2 = key(sum(n, 1));\n    } catch (e) {\n        return null;\n    }\n    var dim = 1;\n    try {\n        key(1)[1].length;\n        dim = 2;\n        key(1)[2].length;\n        dim = 3;\n    } catch (e) {\n    }\n    t = sub(time, key1.time);\n    d = sub(key2.time, key1.time);\n    sX = key1[0];\n    eX = sub(key2[0], key1[0]);\n    if (dim >= 2) {\n        sY = key1[1];\n        eY = sub(key2[1], key1[1]);\n        if (dim >= 3) {\n            sZ = key1[2];\n            eZ = sub(key2[2], key1[2]);\n        }\n    }\n    if (time < key1.time || time > key2.time) {\n        return value;\n    } else {\n        val1 = easeandwizz_inoutQuad(t, sX, eX, d);\n        switch (dim) {\n        case 1:\n            return val1;\n            break;\n        case 2:\n            val2 = easeandwizz_inoutQuad(t, sY, eY, d);\n            return [\n                val1,\n                val2\n            ];\n            break;\n        case 3:\n            val2 = easeandwizz_inoutQuad(t, sY, eY, d);\n            val3 = easeandwizz_inoutQuad(t, sZ, eZ, d);\n            return [\n                val1,\n                val2,\n                val3\n            ];\n            break;\n        default:\n            return null;\n        }\n    }\n}\n$bm_rt = easeAndWizz() || value;"},"r":{"a":0,"k":0,"ix":10},"p":{"s":true,"x":{"a":0,"k":239.45,"ix":3},"y":{"a":1,"k":[{"i":{"x":[0.669],"y":[0.336]},"o":{"x":[0.336],"y":[0]},"n":["0p669_0p336_0p336_0"],"t":747,"s":[468.76],"e":[468.719]},{"i":{"x":[0.833],"y":[0.859]},"o":{"x":[0.646],"y":[0.015]},"n":["0p833_0p859_0p646_0p015"],"t":750,"s":[468.719],"e":[335.108]},{"i":{"x":[0.657],"y":[1]},"o":{"x":[0.167],"y":[9.817]},"n":["0p657_1_0p167_9p817"],"t":866,"s":[335.108],"e":[334.76]},{"t":887}],"ix":4,"x":"var $bm_rt;\nfunction easeandwizz_inoutQuad(t, b, c, d) {\n    if ((t /= d / 2) < 1)\n        return sum(mul(mul(div(c, 2), t), t), b);\n    return sum(mul(div($bm_neg(c), 2), sub(mul(--t, sub(t, 2)), 1)), b);\n}\nfunction easeAndWizz() {\n    var t, d, sX, eX, sY, eY, sZ, eZ, val1, val2, val2, val3;\n    var n = 0;\n    if (numKeys > 0) {\n        n = nearestKey(time).index;\n        if (key(n).time > time) {\n            n--;\n        }\n    }\n    try {\n        var key1 = key(n);\n        var key2 = key(sum(n, 1));\n    } catch (e) {\n        return null;\n    }\n    var dim = 1;\n    try {\n        key(1)[1].length;\n        dim = 2;\n        key(1)[2].length;\n        dim = 3;\n    } catch (e) {\n    }\n    t = sub(time, key1.time);\n    d = sub(key2.time, key1.time);\n    sX = key1[0];\n    eX = sub(key2[0], key1[0]);\n    if (dim >= 2) {\n        sY = key1[1];\n        eY = sub(key2[1], key1[1]);\n        if (dim >= 3) {\n            sZ = key1[2];\n            eZ = sub(key2[2], key1[2]);\n        }\n    }\n    if (time < key1.time || time > key2.time) {\n        return value;\n    } else {\n        val1 = easeandwizz_inoutQuad(t, sX, eX, d);\n        switch (dim) {\n        case 1:\n            return val1;\n            break;\n        case 2:\n            val2 = easeandwizz_inoutQuad(t, sY, eY, d);\n            return [\n                val1,\n                val2\n            ];\n            break;\n        case 3:\n            val2 = easeandwizz_inoutQuad(t, sY, eY, d);\n            val3 = easeandwizz_inoutQuad(t, sZ, eZ, d);\n            return [\n                val1,\n                val2,\n                val3\n            ];\n            break;\n        default:\n            return null;\n        }\n    }\n}\n$bm_rt = easeAndWizz() || value;"}},"a":{"a":0,"k":[-185.55,-55.24,0],"ix":1},"s":{"a":0,"k":[100,100,100],"ix":6,"x":"var $bm_rt;\nfunction doIt() {\n    var easingEquation, val1, val2, val3;\n    var ew_one = expoOut;\n    var ew_two = expoIn;\n    var n = 0;\n    if (numKeys > 0) {\n        n = nearestKey(time).index;\n        if (key(n).time > time) {\n            n--;\n        }\n        if (n < 2) {\n            easingEquation = ew_one;\n        } else if (n >= numKeys - 1) {\n            easingEquation = ew_two;\n        } else {\n            return null;\n        }\n    }\n    try {\n        var key1 = key(n);\n        var key2 = key(sum(n, 1));\n    } catch (e) {\n        return null;\n    }\n    var dim = 1;\n    try {\n        key(1)[1].length;\n        dim = 2;\n        key(1)[2].length;\n        dim = 3;\n    } catch (e) {\n    }\n    var t = sub(time, key1.time);\n    var d = sub(key2.time, key1.time);\n    var sX = key1[0];\n    var eX = sub(key2[0], key1[0]);\n    if (dim >= 2) {\n        var sY = key1[1];\n        var eY = sub(key2[1], key1[1]);\n        if (dim >= 3) {\n            var sZ = key1[2];\n            var eZ = sub(key2[2], key1[2]);\n        }\n    }\n    if (time < key1.time || time > key2.time) {\n        return value;\n    } else {\n        val1 = easingEquation(t, sX, eX, d);\n        switch (dim) {\n        case 1:\n            return val1;\n            break;\n        case 2:\n            val2 = easingEquation(t, sY, eY, d);\n            return [\n                val1,\n                val2\n            ];\n            break;\n        case 3:\n            val2 = easingEquation(t, sY, eY, d);\n            val3 = easingEquation(t, sZ, eZ, d);\n            return [\n                val1,\n                val2,\n                val3\n            ];\n            break;\n        default:\n            return null;\n        }\n    }\n}\nvar IN_EXPO_CORRECTION = 0.000976563;\nvar OUT_EXPO_CORRECTION = 1.000976563;\nvar s = 1.70158;\nvar p = 0.81;\nvar a = 50;\nfunction bounceOut(t, b, c, d) {\n    if ((t /= d) < 1 / 2.75) {\n        return sum(mul(c, mul(mul(7.5625, t), t)), b);\n    } else if (t < 2 / 2.75) {\n        return sum(mul(c, sum(mul(mul(7.5625, t -= 1.5 / 2.75), t), 0.75)), b);\n    } else if (t < 2.5 / 2.75) {\n        return sum(mul(c, sum(mul(mul(7.5625, t -= 2.25 / 2.75), t), 0.9375)), b);\n    } else {\n        return sum(mul(c, sum(mul(mul(7.5625, t -= 2.625 / 2.75), t), 0.984375)), b);\n    }\n}\nfunction bounceIn(t, b, c, d) {\n    return sum(sub(c, bounceOut(sub(d, t), 0, c, d)), b);\n}\nfunction bounceInOut(t, b, c, d) {\n    if (t < d / 2)\n        return sum(mul(bounceIn(mul(t, 2), 0, c, d), 0.5), b);\n    else\n        return bounceOut(t * 2 - d, 0, c, d) * 0.5 + c * 0.5 + b;\n}\nfunction backIn(t, b, c, d) {\n    return sum(mul(mul(mul(c, t /= d), t), sub(mul(sum(s, 1), t), s)), b);\n}\nfunction backInOut(t, b, c, d) {\n    if ((t /= d / 2) < 1)\n        return sum(mul(div(c, 2), mul(mul(t, t), sub(mul(sum(s *= 1.525, 1), t), s))), b);\n    return sum(mul(div(c, 2), sum(mul(mul(t -= 2, t), sum(mul(sum(s *= 1.525, 1), t), s)), 2)), b);\n}\nfunction backOut(t, b, c, d) {\n    return sum(mul(c, sum(mul(mul(t = t / d - 1, t), sum(mul(sum(s, 1), t), s)), 1)), b);\n}\nfunction circIn(t, b, c, d) {\n    return sum(mul($bm_neg(c), sub(Math.sqrt(sub(1, mul(t /= d, t))), 1)), b);\n}\nfunction circInOut(t, b, c, d) {\n    if ((t /= d / 2) < 1)\n        return sum(mul(div($bm_neg(c), 2), sub(Math.sqrt(sub(1, mul(t, t))), 1)), b);\n    return sum(mul(div(c, 2), sum(Math.sqrt(sub(1, mul(t -= 2, t))), 1)), b);\n}\nfunction circOut(t, b, c, d) {\n    return sum(mul(c, Math.sqrt(sub(1, mul(t = t / d - 1, t)))), b);\n}\nfunction elasticIn(t, b, c, d) {\n    if (t == 0)\n        return b;\n    if ((t /= d) == 1)\n        return sum(b, c);\n    if (!p)\n        p = mul(d, 0.3);\n    if (!a || a < Math.abs(c)) {\n        a = c;\n        s = div(p, 4);\n    } else\n        s = mul(div(p, mul(2, Math.PI)), Math.asin(div(c, a)));\n    return sum($bm_neg(mul(mul(a, Math.pow(2, mul(10, t -= 1))), Math.sin(div(mul(sub(mul(t, d), s), mul(2, Math.PI)), p)))), b);\n}\nfunction elasticInOut(t, b, c, d) {\n    if (t == 0)\n        return b;\n    if ((t /= d / 2) == 2)\n        return sum(b, c);\n    if (!p)\n        p = mul(d, 0.3 * 1.5);\n    if (!a || a < Math.abs(c)) {\n        a = c;\n        s = div(p, 4);\n    } else\n        s = mul(div(p, mul(2, Math.PI)), Math.asin(div(c, a)));\n    if (t < 1)\n        return sum(mul(-0.5, mul(mul(a, Math.pow(2, mul(10, t -= 1))), Math.sin(div(mul(sub(mul(t, d), s), mul(2, Math.PI)), p)))), b);\n    return sum(sum(mul(mul(mul(a, Math.pow(2, mul(-10, t -= 1))), Math.sin(div(mul(sub(mul(t, d), s), mul(2, Math.PI)), p))), 0.5), c), b);\n}\nfunction elasticOut(t, b, c, d) {\n    if (t == 0)\n        return b;\n    if ((t /= d) == 1)\n        return sum(b, c);\n    if (!p)\n        p = mul(d, 0.3);\n    if (!a || a < Math.abs(c)) {\n        a = c;\n        s = div(p, 4);\n    } else\n        s = mul(div(p, mul(2, Math.PI)), Math.asin(div(c, a)));\n    return sum(sum(mul(mul(a, Math.pow(2, mul(-10, t))), Math.sin(div(mul(sub(mul(t, d), s), mul(2, Math.PI)), p))), c), b);\n}\nfunction expoIn(t, b, c, d) {\n    return t == 0 ? b : c * (Math.pow(2, 10 * (t / d - 1)) - IN_EXPO_CORRECTION) + b;\n}\nfunction expoInOut(t, b, c, d) {\n    var v;\n    if ((t /= d / 2) < 1) {\n        v = sub(Math.pow(2, mul(10, sub(t, 1))), IN_EXPO_CORRECTION);\n    } else {\n        v = sum(sum($bm_neg(Math.pow(2, mul(-10, sub(t, 1)))), 2), IN_EXPO_CORRECTION);\n    }\n    return sum(b, mul(div(v, 2), c));\n}\nfunction expoOut(t, b, c, d) {\n    return t == d ? b + c : c * OUT_EXPO_CORRECTION * (-Math.pow(2, -10 * t / d) + 1) + b;\n}\nfunction quadIn(t, b, c, d) {\n    return sum(mul(mul(c, t /= d), t), b);\n}\nfunction quadInOut(t, b, c, d) {\n    if ((t /= d / 2) < 1)\n        return sum(mul(mul(div(c, 2), t), t), b);\n    return sum(mul(div($bm_neg(c), 2), sub(mul(--t, sub(t, 2)), 1)), b);\n}\nfunction quadOut(t, b, c, d) {\n    return sum(mul(mul($bm_neg(c), t /= d), sub(t, 2)), b);\n}\nfunction quartIn(t, b, c, d) {\n    return sum(mul(mul(mul(mul(c, t /= d), t), t), t), b);\n}\nfunction quartInOut(t, b, c, d) {\n    if ((t /= d / 2) < 1)\n        return sum(mul(mul(mul(mul(div(c, 2), t), t), t), t), b);\n    return sum(mul(div($bm_neg(c), 2), sub(mul(mul(mul(t -= 2, t), t), t), 2)), b);\n}\nfunction quartOut(t, b, c, d) {\n    return sum(mul($bm_neg(c), sub(mul(mul(mul(t = t / d - 1, t), t), t), 1)), b);\n}\nfunction quintIn(t, b, c, d) {\n    return sum(mul(mul(mul(mul(mul(c, t /= d), t), t), t), t), b);\n}\nfunction quintInOut(t, b, c, d) {\n    if ((t /= d / 2) < 1)\n        return sum(mul(mul(mul(mul(mul(div(c, 2), t), t), t), t), t), b);\n    return sum(mul(div(c, 2), sum(mul(mul(mul(mul(t -= 2, t), t), t), t), 2)), b);\n}\nfunction quintOut(t, b, c, d) {\n    return sum(mul(c, sum(mul(mul(mul(mul(t = t / d - 1, t), t), t), t), 1)), b);\n}\nfunction sineIn(t, b, c, d) {\n    return sum(sum(mul($bm_neg(c), Math.cos(mul(div(t, d), div(Math.PI, 2)))), c), b);\n}\nfunction sineInOut(t, b, c, d) {\n    return sum(mul(div($bm_neg(c), 2), sub(Math.cos(div(mul(Math.PI, t), d)), 1)), b);\n}\nfunction sineOut(t, b, c, d) {\n    return sum(mul(c, Math.sin(mul(div(t, d), div(Math.PI, 2)))), b);\n}\n$bm_rt = doIt() || value;"}},"ao":0,"shapes":[{"ty":"gr","it":[{"ty":"gr","it":[{"ind":0,"ty":"sh","ix":1,"ks":{"a":0,"k":{"i":[[0,0],[0,0],[0,0]],"o":[[0,0],[0,0],[0,0]],"v":[[-215.2,-58.472],[-217,-62.056],[-213.4,-62.056]],"c":true},"ix":2},"nm":"Path 1","mn":"ADBE Vector Shape - Group","hd":false},{"ty":"fl","c":{"a":0,"k":[1,1,1,1],"ix":4},"o":{"a":0,"k":100,"ix":5},"r":1,"nm":"Fill 1","mn":"ADBE Vector Graphic - Fill","hd":false},{"ty":"tr","p":{"a":0,"k":[0,0],"ix":2},"a":{"a":0,"k":[0,0],"ix":1},"s":{"a":0,"k":[100,100],"ix":3},"r":{"a":0,"k":0,"ix":6},"o":{"a":0,"k":100,"ix":7},"sk":{"a":0,"k":0,"ix":4},"sa":{"a":0,"k":0,"ix":5},"nm":"Transform"}],"nm":"Triangle-Copy-4","np":2,"cix":2,"ix":1,"mn":"ADBE Vector Group","hd":false},{"ty":"gr","it":[{"ind":0,"ty":"sh","ix":1,"ks":{"a":0,"k":{"i":[[0,0],[0,0],[0,0]],"o":[[0,0],[0,0],[0,0]],"v":[[-215.2,-77.583],[-217,-81.167],[-213.4,-81.167]],"c":true},"ix":2},"nm":"Path 1","mn":"ADBE Vector Shape - Group","hd":false},{"ty":"fl","c":{"a":0,"k":[1,1,1,1],"ix":4},"o":{"a":0,"k":100,"ix":5},"r":1,"nm":"Fill 1","mn":"ADBE Vector Graphic - Fill","hd":false},{"ty":"tr","p":{"a":0,"k":[0,0],"ix":2},"a":{"a":0,"k":[0,0],"ix":1},"s":{"a":0,"k":[100,100],"ix":3},"r":{"a":0,"k":0,"ix":6},"o":{"a":0,"k":100,"ix":7},"sk":{"a":0,"k":0,"ix":4},"sa":{"a":0,"k":0,"ix":5},"nm":"Transform"}],"nm":"Triangle-Copy-3","np":2,"cix":2,"ix":2,"mn":"ADBE Vector Group","hd":false},{"ty":"gr","it":[{"ind":0,"ty":"sh","ix":1,"ks":{"a":0,"k":{"i":[[0,0],[0,0],[0,0]],"o":[[0,0],[0,0],[0,0]],"v":[[-213.408,-88.931],[-216.992,-87.131],[-216.992,-90.731]],"c":true},"ix":2},"nm":"Path 1","mn":"ADBE Vector Shape - Group","hd":false},{"ty":"fl","c":{"a":0,"k":[1,1,1,1],"ix":4},"o":{"a":0,"k":100,"ix":5},"r":1,"nm":"Fill 1","mn":"ADBE Vector Graphic - Fill","hd":false},{"ty":"tr","p":{"a":0,"k":[0,0],"ix":2},"a":{"a":0,"k":[0,0],"ix":1},"s":{"a":0,"k":[100,100],"ix":3},"r":{"a":0,"k":0,"ix":6},"o":{"a":0,"k":100,"ix":7},"sk":{"a":0,"k":0,"ix":4},"sa":{"a":0,"k":0,"ix":5},"nm":"Transform"}],"nm":"Triangle","np":2,"cix":2,"ix":3,"mn":"ADBE Vector Group","hd":false},{"ty":"gr","it":[{"ty":"rc","d":1,"s":{"a":0,"k":[52.8,3.583],"ix":2},"p":{"a":0,"k":[-180.5,-21.542],"ix":3},"r":{"a":0,"k":0,"ix":4},"nm":"Rectangle Path 1","mn":"ADBE Vector Shape - Rect","hd":false},{"ty":"fl","c":{"a":0,"k":[1,1,1,1],"ix":4},"o":{"a":0,"k":100,"ix":5},"r":1,"nm":"Fill 1","mn":"ADBE Vector Graphic - Fill","hd":false},{"ty":"tr","p":{"a":0,"k":[0,0],"ix":2},"a":{"a":0,"k":[0,0],"ix":1},"s":{"a":0,"k":[100,100],"ix":3},"r":{"a":0,"k":0,"ix":6},"o":{"a":0,"k":100,"ix":7},"sk":{"a":0,"k":0,"ix":4},"sa":{"a":0,"k":0,"ix":5},"nm":"Transform"}],"nm":"Rectangle-8-Copy-13","np":2,"cix":2,"ix":4,"mn":"ADBE Vector Group","hd":false},{"ty":"gr","it":[{"ty":"rc","d":1,"s":{"a":0,"k":[52.8,3.583],"ix":2},"p":{"a":0,"k":[-180.5,-40.653],"ix":3},"r":{"a":0,"k":0,"ix":4},"nm":"Rectangle Path 1","mn":"ADBE Vector Shape - Rect","hd":false},{"ty":"fl","c":{"a":0,"k":[1,1,1,1],"ix":4},"o":{"a":0,"k":100,"ix":5},"r":1,"nm":"Fill 1","mn":"ADBE Vector Graphic - Fill","hd":false},{"ty":"tr","p":{"a":0,"k":[0,0],"ix":2},"a":{"a":0,"k":[0,0],"ix":1},"s":{"a":0,"k":[100,100],"ix":3},"r":{"a":0,"k":0,"ix":6},"o":{"a":0,"k":100,"ix":7},"sk":{"a":0,"k":0,"ix":4},"sa":{"a":0,"k":0,"ix":5},"nm":"Transform"}],"nm":"Rectangle-8-Copy-11","np":2,"cix":2,"ix":5,"mn":"ADBE Vector Group","hd":false},{"ty":"gr","it":[{"ty":"rc","d":1,"s":{"a":0,"k":[52.8,3.583],"ix":2},"p":{"a":0,"k":[-180.5,-31.097],"ix":3},"r":{"a":0,"k":0,"ix":4},"nm":"Rectangle Path 1","mn":"ADBE Vector Shape - Rect","hd":false},{"ty":"fl","c":{"a":0,"k":[1,1,1,1],"ix":4},"o":{"a":0,"k":100,"ix":5},"r":1,"nm":"Fill 1","mn":"ADBE Vector Graphic - Fill","hd":false},{"ty":"tr","p":{"a":0,"k":[0,0],"ix":2},"a":{"a":0,"k":[0,0],"ix":1},"s":{"a":0,"k":[100,100],"ix":3},"r":{"a":0,"k":0,"ix":6},"o":{"a":0,"k":100,"ix":7},"sk":{"a":0,"k":0,"ix":4},"sa":{"a":0,"k":0,"ix":5},"nm":"Transform"}],"nm":"Rectangle-8-Copy-12","np":2,"cix":2,"ix":6,"mn":"ADBE Vector Group","hd":false},{"ty":"gr","it":[{"ty":"rc","d":1,"s":{"a":0,"k":[52.8,3.583],"ix":2},"p":{"a":0,"k":[-180.5,-50.208],"ix":3},"r":{"a":0,"k":0,"ix":4},"nm":"Rectangle Path 1","mn":"ADBE Vector Shape - Rect","hd":false},{"ty":"fl","c":{"a":0,"k":[1,1,1,1],"ix":4},"o":{"a":0,"k":100,"ix":5},"r":1,"nm":"Fill 1","mn":"ADBE Vector Graphic - Fill","hd":false},{"ty":"tr","p":{"a":0,"k":[0,0],"ix":2},"a":{"a":0,"k":[0,0],"ix":1},"s":{"a":0,"k":[100,100],"ix":3},"r":{"a":0,"k":0,"ix":6},"o":{"a":0,"k":100,"ix":7},"sk":{"a":0,"k":0,"ix":4},"sa":{"a":0,"k":0,"ix":5},"nm":"Transform"}],"nm":"Rectangle-8-Copy-10","np":2,"cix":2,"ix":7,"mn":"ADBE Vector Group","hd":false},{"ty":"gr","it":[{"ty":"rc","d":1,"s":{"a":0,"k":[52.8,3.583],"ix":2},"p":{"a":0,"k":[-180.5,-69.319],"ix":3},"r":{"a":0,"k":0,"ix":4},"nm":"Rectangle Path 1","mn":"ADBE Vector Shape - Rect","hd":false},{"ty":"fl","c":{"a":0,"k":[1,1,1,1],"ix":4},"o":{"a":0,"k":100,"ix":5},"r":1,"nm":"Fill 1","mn":"ADBE Vector Graphic - Fill","hd":false},{"ty":"tr","p":{"a":0,"k":[0,0],"ix":2},"a":{"a":0,"k":[0,0],"ix":1},"s":{"a":0,"k":[100,100],"ix":3},"r":{"a":0,"k":0,"ix":6},"o":{"a":0,"k":100,"ix":7},"sk":{"a":0,"k":0,"ix":4},"sa":{"a":0,"k":0,"ix":5},"nm":"Transform"}],"nm":"Rectangle-8-Copy-8","np":2,"cix":2,"ix":8,"mn":"ADBE Vector Group","hd":false},{"ty":"gr","it":[{"ty":"rc","d":1,"s":{"a":0,"k":[24,3.583],"ix":2},"p":{"a":0,"k":[-197.3,-59.764],"ix":3},"r":{"a":0,"k":0,"ix":4},"nm":"Rectangle Path 1","mn":"ADBE Vector Shape - Rect","hd":false},{"ty":"fl","c":{"a":0,"k":[1,1,1,1],"ix":4},"o":{"a":0,"k":100,"ix":5},"r":1,"nm":"Fill 1","mn":"ADBE Vector Graphic - Fill","hd":false},{"ty":"tr","p":{"a":0,"k":[0,0],"ix":2},"a":{"a":0,"k":[0,0],"ix":1},"s":{"a":0,"k":[100,100],"ix":3},"r":{"a":0,"k":0,"ix":6},"o":{"a":0,"k":100,"ix":7},"sk":{"a":0,"k":0,"ix":4},"sa":{"a":0,"k":0,"ix":5},"nm":"Transform"}],"nm":"Rectangle-8-Copy-9","np":2,"cix":2,"ix":9,"mn":"ADBE Vector Group","hd":false},{"ty":"gr","it":[{"ty":"rc","d":1,"s":{"a":0,"k":[24,3.583],"ix":2},"p":{"a":0,"k":[-197.3,-78.875],"ix":3},"r":{"a":0,"k":0,"ix":4},"nm":"Rectangle Path 1","mn":"ADBE Vector Shape - Rect","hd":false},{"ty":"fl","c":{"a":0,"k":[1,1,1,1],"ix":4},"o":{"a":0,"k":100,"ix":5},"r":1,"nm":"Fill 1","mn":"ADBE Vector Graphic - Fill","hd":false},{"ty":"tr","p":{"a":0,"k":[0,0],"ix":2},"a":{"a":0,"k":[0,0],"ix":1},"s":{"a":0,"k":[100,100],"ix":3},"r":{"a":0,"k":0,"ix":6},"o":{"a":0,"k":100,"ix":7},"sk":{"a":0,"k":0,"ix":4},"sa":{"a":0,"k":0,"ix":5},"nm":"Transform"}],"nm":"Rectangle-8-Copy-7","np":2,"cix":2,"ix":10,"mn":"ADBE Vector Group","hd":false},{"ty":"gr","it":[{"ty":"rc","d":1,"s":{"a":0,"k":[24,3.583],"ix":2},"p":{"a":0,"k":[-197.3,-88.431],"ix":3},"r":{"a":0,"k":0,"ix":4},"nm":"Rectangle Path 1","mn":"ADBE Vector Shape - Rect","hd":false},{"ty":"fl","c":{"a":0,"k":[1,1,1,1],"ix":4},"o":{"a":0,"k":100,"ix":5},"r":1,"nm":"Fill 1","mn":"ADBE Vector Graphic - Fill","hd":false},{"ty":"tr","p":{"a":0,"k":[0,0],"ix":2},"a":{"a":0,"k":[0,0],"ix":1},"s":{"a":0,"k":[100,100],"ix":3},"r":{"a":0,"k":0,"ix":6},"o":{"a":0,"k":100,"ix":7},"sk":{"a":0,"k":0,"ix":4},"sa":{"a":0,"k":0,"ix":5},"nm":"Transform"}],"nm":"Rectangle-8","np":2,"cix":2,"ix":11,"mn":"ADBE Vector Group","hd":false},{"ty":"tr","p":{"a":0,"k":[0,0],"ix":2},"a":{"a":0,"k":[0,0],"ix":1},"s":{"a":0,"k":[100,100],"ix":3},"r":{"a":0,"k":0,"ix":6},"o":{"a":0,"k":100,"ix":7},"sk":{"a":0,"k":0,"ix":4},"sa":{"a":0,"k":0,"ix":5},"nm":"Transform"}],"nm":"1st-box--content","np":11,"cix":2,"ix":1,"mn":"ADBE Vector Group","hd":false}],"ip":0,"op":1459,"st":0,"bm":0},{"ddd":0,"ind":17,"ty":4,"nm":"box-1-bg","sr":1,"ks":{"o":{"a":1,"k":[{"i":{"x":[0.4],"y":[1]},"o":{"x":[0.167],"y":[5]},"n":["0p4_1_0p167_5"],"t":644,"s":[0],"e":[0]},{"i":{"x":[0.833],"y":[1]},"o":{"x":[0.167],"y":[0]},"n":["0p833_1_0p167_0"],"t":733,"s":[0],"e":[100]},{"t":807}],"ix":11},"r":{"a":0,"k":0,"ix":10},"p":{"a":0,"k":[250.5,531,0],"ix":2},"a":{"a":0,"k":[-174.5,141,0],"ix":1},"s":{"a":1,"k":[{"i":{"x":[0.833,0.782,0.833],"y":[1,-0.032,1]},"o":{"x":[0.167,0.167,0.167],"y":[0,0.167,0]},"n":["0p833_1_0p167_0","0p782_-0p032_0p167_0p167","0p833_1_0p167_0"],"t":644,"s":[100,10.853,100],"e":[100,30.814,100]},{"i":{"x":[0.833,0.937,0.833],"y":[1,1.01,1]},"o":{"x":[0.167,0.697,0.167],"y":[0,0.199,0]},"n":["0p833_1_0p167_0","0p937_1p01_0p697_0p199","0p833_1_0p167_0"],"t":759.912,"s":[100,30.814,100],"e":[100,105.145,100]},{"i":{"x":[0.833,0.175,0.833],"y":[1,4.336,1]},"o":{"x":[0.167,0.037,0.167],"y":[0,0.073,0]},"n":["0p833_1_0p167_0","0p175_4p336_0p037_0p073","0p833_1_0p167_0"],"t":785.863,"s":[100,105.145,100],"e":[100,100,100]},{"t":807}],"ix":6}},"ao":0,"shapes":[{"ty":"gr","it":[{"ind":0,"ty":"sh","ix":1,"ks":{"a":0,"k":{"i":[[0,0],[0,0],[-1.657,0],[0,0],[0,-1.657],[0,0],[0,0],[0,0],[0,0]],"o":[[0,0],[0,-1.657],[0,0],[1.657,0],[0,0],[0,0],[0,0],[0,0],[0,0]],"v":[[-223,-107.444],[-223,-114],[-220,-117],[-171.957,-117],[-168.957,-114],[-168.957,-107.444],[-126,-107.444],[-126,141],[-223,141]],"c":true},"ix":2},"nm":"Path 1","mn":"ADBE Vector Shape - Group","hd":false},{"ty":"gf","o":{"a":0,"k":100,"ix":10},"r":1,"g":{"p":3,"k":{"a":0,"k":[0,0.475,0.698,0.925,0.5,0.518,0.714,0.916,1,0.561,0.729,0.906,0.335,0,0.668,0.5,1,1],"ix":9}},"s":{"a":0,"k":[-75,496],"ix":5},"e":{"a":0,"k":[-196,-87],"ix":6},"t":1,"nm":"Gradient Fill 1","mn":"ADBE Vector Graphic - G-Fill","hd":false},{"ty":"tr","p":{"a":0,"k":[0,0],"ix":2},"a":{"a":0,"k":[0,0],"ix":1},"s":{"a":0,"k":[100,100],"ix":3},"r":{"a":0,"k":0,"ix":6},"o":{"a":0,"k":100,"ix":7},"sk":{"a":0,"k":0,"ix":4},"sa":{"a":0,"k":0,"ix":5},"nm":"Transform"}],"nm":"Combined-Shape","np":2,"cix":2,"ix":1,"mn":"ADBE Vector Group","hd":false}],"ip":0,"op":1459,"st":0,"bm":0},{"ddd":0,"ind":18,"ty":4,"nm":"box1-small-rect","sr":1,"ks":{"o":{"a":1,"k":[{"t":710,"s":[0],"h":1},{"i":{"x":[0.29],"y":[1]},"o":{"x":[0.71],"y":[0]},"n":["0p29_1_0p71_0"],"t":759,"s":[0],"e":[91]},{"t":815}],"ix":11},"r":{"a":0,"k":0,"ix":10},"p":{"a":1,"k":[{"i":{"x":0.29,"y":1},"o":{"x":0.71,"y":0},"n":"0p29_1_0p71_0","t":759,"s":[275.4,302.167,0],"e":[275.4,280.167,0],"to":[0,-3.66666674613953,0],"ti":[0,3.66666674613953,0]},{"t":815}],"ix":2},"a":{"a":0,"k":[-149.6,-109.833,0],"ix":1},"s":{"a":0,"k":[100,100,100],"ix":6}},"ao":0,"shapes":[{"ty":"gr","it":[{"ind":0,"ty":"sh","ix":1,"ks":{"a":0,"k":{"i":[[-1.657,0],[0,0],[0,-1.657],[0,0],[0,0],[0,0]],"o":[[0,0],[1.657,0],[0,0],[0,0],[0,0],[0,-1.657]],"v":[[-170,-117],[-129.2,-117],[-126.2,-114],[-126.2,-102.667],[-173,-102.667],[-173,-114]],"c":true},"ix":2},"nm":"Path 1","mn":"ADBE Vector Shape - Group","hd":false},{"ty":"gf","o":{"a":0,"k":100,"ix":10},"r":1,"g":{"p":3,"k":{"a":0,"k":[0,0.376,0.62,0.855,0.5,0.376,0.62,0.855,1,0.376,0.62,0.855,0,0.929,0.5,0.965,1,1],"ix":9}},"s":{"a":0,"k":[-133,-80],"ix":5},"e":{"a":0,"k":[-154,-114],"ix":6},"t":1,"nm":"Gradient Fill 1","mn":"ADBE Vector Graphic - G-Fill","hd":false},{"ty":"tr","p":{"a":0,"k":[0,0],"ix":2},"a":{"a":0,"k":[0,0],"ix":1},"s":{"a":0,"k":[100,100],"ix":3},"r":{"a":0,"k":0,"ix":6},"o":{"a":0,"k":100,"ix":7},"sk":{"a":0,"k":0,"ix":4},"sa":{"a":0,"k":0,"ix":5},"nm":"Transform"}],"nm":"Rectangle-7-Copy","np":2,"cix":2,"ix":1,"mn":"ADBE Vector Group","hd":false}],"ip":0,"op":1459,"st":0,"bm":0},{"ddd":0,"ind":19,"ty":4,"nm":"bg-top","sr":1,"ks":{"o":{"a":1,"k":[{"t":610,"s":[100],"h":1},{"t":769,"s":[100],"h":1}],"ix":11},"r":{"a":0,"k":0,"ix":10},"p":{"a":0,"k":[425,390,0],"ix":2},"a":{"a":0,"k":[0,0,0],"ix":1},"s":{"a":0,"k":[100,100,100],"ix":6}},"ao":0,"shapes":[{"ty":"gr","it":[{"ind":0,"ty":"sh","ix":1,"ks":{"a":0,"k":{"i":[[-8.284,0],[0,0],[0,-8.284],[0,0],[0,0],[0,0]],"o":[[0,0],[8.284,0],[0,0],[0,0],[0,0],[0,-8.284]],"v":[[-224,-161],[224,-161],[239,-146],[239,-137.059],[-239,-137.059],[-239,-146]],"c":true},"ix":2},"nm":"Path 1","mn":"ADBE Vector Shape - Group","hd":false},{"ty":"fl","c":{"a":0,"k":[0.874509811401,0.937254905701,1,1],"ix":4},"o":{"a":0,"k":100,"ix":5},"r":1,"nm":"Fill 1","mn":"ADBE Vector Graphic - Fill","hd":false},{"ty":"tr","p":{"a":0,"k":[0,0],"ix":2},"a":{"a":0,"k":[0,0],"ix":1},"s":{"a":0,"k":[100,100],"ix":3},"r":{"a":0,"k":0,"ix":6},"o":{"a":0,"k":100,"ix":7},"sk":{"a":0,"k":0,"ix":4},"sa":{"a":0,"k":0,"ix":5},"nm":"Transform"}],"nm":"bg-top","np":2,"cix":2,"ix":1,"mn":"ADBE Vector Group","hd":false}],"ip":0,"op":1459,"st":0,"bm":0},{"ddd":0,"ind":20,"ty":4,"nm":"bg-body","sr":1,"ks":{"o":{"a":1,"k":[{"t":610,"s":[100],"h":1},{"t":770,"s":[100],"h":1}],"ix":11},"r":{"a":0,"k":0,"ix":10},"p":{"a":0,"k":[425,390,0],"ix":2},"a":{"a":0,"k":[0,0,0],"ix":1},"s":{"a":0,"k":[100,100,100],"ix":6}},"ao":0,"shapes":[{"ty":"gr","it":[{"ind":0,"ty":"sh","ix":1,"ks":{"a":0,"k":{"i":[[0,0],[0,0],[0,0],[0,0]],"o":[[0,0],[0,0],[0,0],[0,0]],"v":[[-239,-144.242],[239,-144.242],[239,161],[-239,161]],"c":true},"ix":2},"nm":"Path 1","mn":"ADBE Vector Shape - Group","hd":false},{"ty":"gf","o":{"a":0,"k":100,"ix":10},"r":1,"g":{"p":3,"k":{"a":0,"k":[0.006,0.43,0.649,0.86,0.503,0.399,0.618,0.83,1,0.368,0.588,0.8],"ix":9}},"s":{"a":0,"k":[-109,-342],"ix":5},"e":{"a":0,"k":[153.667,510.667],"ix":6},"t":1,"nm":"Gradient Fill 1","mn":"ADBE Vector Graphic - G-Fill","hd":false},{"ty":"tr","p":{"a":0,"k":[0,-1],"ix":2},"a":{"a":0,"k":[0,0],"ix":1},"s":{"a":0,"k":[100,100],"ix":3},"r":{"a":0,"k":0,"ix":6},"o":{"a":0,"k":100,"ix":7},"sk":{"a":0,"k":0,"ix":4},"sa":{"a":0,"k":0,"ix":5},"nm":"Transform"}],"nm":"bg-body","np":2,"cix":2,"ix":1,"mn":"ADBE Vector Group","hd":false}],"ip":0,"op":1459,"st":0,"bm":0},{"ddd":0,"ind":21,"ty":4,"nm":"shadow","sr":1,"ks":{"o":{"a":1,"k":[{"i":{"x":[0.833],"y":[0.833]},"o":{"x":[0.167],"y":[0.167]},"n":["0p833_0p833_0p167_0p167"],"t":769,"s":[0],"e":[8]},{"t":1052}],"ix":11},"r":{"a":0,"k":0,"ix":10},"p":{"a":0,"k":[429.69,617.005,0],"ix":2},"a":{"a":0,"k":[4.69,227.005,0],"ix":1},"s":{"a":1,"k":[{"i":{"x":[0.833,0.833,0.833],"y":[0.833,0.833,0.833]},"o":{"x":[0.167,0.167,0.167],"y":[0.167,0.167,0.167]},"n":["0p833_0p833_0p167_0p167","0p833_0p833_0p167_0p167","0p833_0p833_0p167_0p167"],"t":770,"s":[5,5,100],"e":[100,100,100]},{"t":1052}],"ix":6}},"ao":0,"shapes":[{"ty":"gr","it":[{"ind":0,"ty":"sh","ix":1,"ks":{"a":0,"k":{"i":[[-164.857,0],[0,-12.426],[164.857,0],[0,12.426]],"o":[[164.857,0],[0,12.426],[-164.857,0],[0,-12.426]],"v":[[7,279],[305.5,301.5],[7,324],[-291.5,301.5]],"c":true},"ix":2},"nm":"Path 1","mn":"ADBE Vector Shape - Group","hd":false},{"ty":"fl","c":{"a":0,"k":[0.164705887437,0.364705890417,0.690196096897,1],"ix":4},"o":{"a":0,"k":100,"ix":5},"r":1,"nm":"Fill 1","mn":"ADBE Vector Graphic - Fill","hd":false},{"ty":"tr","p":{"a":0,"k":[0,25],"ix":2},"a":{"a":0,"k":[0,0],"ix":1},"s":{"a":0,"k":[67,67],"ix":3},"r":{"a":0,"k":0,"ix":6},"o":{"a":0,"k":50,"ix":7},"sk":{"a":0,"k":0,"ix":4},"sa":{"a":0,"k":0,"ix":5},"nm":"Transform"}],"nm":"Shadow","np":2,"cix":2,"ix":1,"mn":"ADBE Vector Group","hd":false}],"ip":0,"op":1459,"st":0,"bm":0}]},{"id":"comp_1","layers":[{"ddd":0,"ind":1,"ty":4,"nm":"Layer 16","sr":1,"ks":{"o":{"a":1,"k":[{"t":-1,"s":[0],"h":1},{"t":290,"s":[100],"h":1}],"ix":11},"r":{"a":0,"k":0,"ix":10},"p":{"a":0,"k":[425,390,0],"ix":2},"a":{"a":0,"k":[0,0,0],"ix":1},"s":{"a":0,"k":[100,100,100],"ix":6}},"ao":0,"shapes":[{"ty":"gr","it":[{"ind":0,"ty":"sh","ix":1,"ks":{"a":0,"k":{"i":[[0,0],[4.374,10.443],[-10.443,4.374],[0,0],[-4.374,-10.443],[10.443,-4.374]],"o":[[-10.443,4.374],[-4.374,-10.443],[0,0],[10.443,-4.374],[4.374,10.443],[0,0]],"v":[[-73.913,-176.697],[-100.741,-187.685],[-89.753,-214.514],[-88.83,-214.9],[-62.002,-203.911],[-72.991,-177.083]],"c":true},"ix":2},"nm":"Path 1","mn":"ADBE Vector Shape - Group","hd":false},{"ty":"fl","c":{"a":0,"k":[0.164705882353,0.556862745098,0.949019607843,1],"ix":4},"o":{"a":0,"k":100,"ix":5},"r":1,"nm":"Fill 1","mn":"ADBE Vector Graphic - Fill","hd":false},{"ty":"tr","p":{"a":0,"k":[0,0],"ix":2},"a":{"a":0,"k":[0,0],"ix":1},"s":{"a":0,"k":[100,100],"ix":3},"r":{"a":0,"k":0,"ix":6},"o":{"a":0,"k":100,"ix":7},"sk":{"a":0,"k":0,"ix":4},"sa":{"a":0,"k":0,"ix":5},"nm":"Transform"}],"nm":"Group 1","np":2,"cix":2,"ix":1,"mn":"ADBE Vector Group","hd":false}],"ip":-1,"op":1544,"st":-1,"bm":0},{"ddd":0,"ind":2,"ty":4,"nm":"Layer 15","sr":1,"ks":{"o":{"a":1,"k":[{"t":0,"s":[0],"h":1},{"t":434,"s":[100],"h":1}],"ix":11},"r":{"a":0,"k":0,"ix":10},"p":{"a":0,"k":[425,390,0],"ix":2},"a":{"a":0,"k":[0,0,0],"ix":1},"s":{"a":0,"k":[100,100,100],"ix":6}},"ao":0,"shapes":[{"ty":"gr","it":[{"ind":0,"ty":"sh","ix":1,"ks":{"a":0,"k":{"i":[[0,0],[8.03,7.981],[-7.981,8.03],[0,0],[-8.03,-7.981],[7.981,-8.03]],"o":[[-7.981,8.03],[-8.03,-7.981],[0,0],[7.981,-8.03],[8.03,7.981],[0,0]],"v":[[-135.808,-134.982],[-164.799,-134.894],[-164.887,-163.885],[-164.182,-164.595],[-135.19,-164.682],[-135.103,-135.691]],"c":true},"ix":2},"nm":"Path 1","mn":"ADBE Vector Shape - Group","hd":false},{"ty":"fl","c":{"a":0,"k":[0.164705882353,0.556862745098,0.949019607843,1],"ix":4},"o":{"a":0,"k":100,"ix":5},"r":1,"nm":"Fill 1","mn":"ADBE Vector Graphic - Fill","hd":false},{"ty":"tr","p":{"a":0,"k":[0,0],"ix":2},"a":{"a":0,"k":[0,0],"ix":1},"s":{"a":0,"k":[100,100],"ix":3},"r":{"a":0,"k":0,"ix":6},"o":{"a":0,"k":100,"ix":7},"sk":{"a":0,"k":0,"ix":4},"sa":{"a":0,"k":0,"ix":5},"nm":"Transform"}],"nm":"Group 1","np":2,"cix":2,"ix":1,"mn":"ADBE Vector Group","hd":false}],"ip":0,"op":1545,"st":0,"bm":0},{"ddd":0,"ind":3,"ty":4,"nm":"Layer 14","sr":1,"ks":{"o":{"a":1,"k":[{"t":0,"s":[0],"h":1},{"t":575,"s":[100],"h":1}],"ix":11},"r":{"a":0,"k":0,"ix":10},"p":{"a":0,"k":[425,390,0],"ix":2},"a":{"a":0,"k":[0,0,0],"ix":1},"s":{"a":0,"k":[100,100,100],"ix":6}},"ao":0,"shapes":[{"ty":"gr","it":[{"ind":0,"ty":"sh","ix":1,"ks":{"a":0,"k":{"i":[[0,0],[10.47,4.308],[-4.308,10.47],[0,0],[-10.47,-4.308],[4.308,-10.47]],"o":[[-4.308,10.47],[-10.47,-4.308],[0,0],[4.308,-10.47],[10.47,4.308],[0,0]],"v":[[-177.158,-72.802],[-203.916,-61.644],[-215.074,-88.403],[-214.694,-89.327],[-187.936,-100.485],[-176.778,-73.727]],"c":true},"ix":2},"nm":"Path 1","mn":"ADBE Vector Shape - Group","hd":false},{"ty":"fl","c":{"a":0,"k":[0.164705882353,0.556862745098,0.949019607843,1],"ix":4},"o":{"a":0,"k":100,"ix":5},"r":1,"nm":"Fill 1","mn":"ADBE Vector Graphic - Fill","hd":false},{"ty":"tr","p":{"a":0,"k":[0,0],"ix":2},"a":{"a":0,"k":[0,0],"ix":1},"s":{"a":0,"k":[100,100],"ix":3},"r":{"a":0,"k":0,"ix":6},"o":{"a":0,"k":100,"ix":7},"sk":{"a":0,"k":0,"ix":4},"sa":{"a":0,"k":0,"ix":5},"nm":"Transform"}],"nm":"Group 1","np":2,"cix":2,"ix":1,"mn":"ADBE Vector Group","hd":false}],"ip":0,"op":1545,"st":0,"bm":0},{"ddd":0,"ind":4,"ty":4,"nm":"Layer 13","sr":1,"ks":{"o":{"a":1,"k":[{"t":0,"s":[0],"h":1},{"t":185,"s":[100],"h":1}],"ix":11},"r":{"a":0,"k":0,"ix":10},"p":{"a":0,"k":[425,390,0],"ix":2},"a":{"a":0,"k":[0,0,0],"ix":1},"s":{"a":0,"k":[100,100,100],"ix":6}},"ao":0,"shapes":[{"ty":"gr","it":[{"ind":0,"ty":"sh","ix":1,"ks":{"a":0,"k":{"i":[[0,0],[11.322,-0.027],[0.027,11.322],[0,0],[-11.322,0.027],[-0.027,-11.322]],"o":[[0.027,11.322],[-11.322,0.027],[0,0],[-0.027,-11.322],[11.322,-0.027],[0,0]],"v":[[-191.478,0.475],[-211.928,21.025],[-232.478,0.575],[-232.48,-0.425],[-212.03,-20.975],[-191.48,-0.525]],"c":true},"ix":2},"nm":"Path 1","mn":"ADBE Vector Shape - Group","hd":false},{"ty":"fl","c":{"a":0,"k":[0.164705882353,0.556862745098,0.949019607843,1],"ix":4},"o":{"a":0,"k":100,"ix":5},"r":1,"nm":"Fill 1","mn":"ADBE Vector Graphic - Fill","hd":false},{"ty":"tr","p":{"a":0,"k":[0,0],"ix":2},"a":{"a":0,"k":[0,0],"ix":1},"s":{"a":0,"k":[100,100],"ix":3},"r":{"a":0,"k":0,"ix":6},"o":{"a":0,"k":100,"ix":7},"sk":{"a":0,"k":0,"ix":4},"sa":{"a":0,"k":0,"ix":5},"nm":"Transform"}],"nm":"Group 1","np":2,"cix":2,"ix":1,"mn":"ADBE Vector Group","hd":false}],"ip":0,"op":1545,"st":0,"bm":0},{"ddd":0,"ind":5,"ty":4,"nm":"Layer 12","sr":1,"ks":{"o":{"a":1,"k":[{"t":0,"s":[0],"h":1},{"t":327,"s":[100],"h":1}],"ix":11},"r":{"a":0,"k":0,"ix":10},"p":{"a":0,"k":[425,390,0],"ix":2},"a":{"a":0,"k":[0,0,0],"ix":1},"s":{"a":0,"k":[100,100,100],"ix":6}},"ao":0,"shapes":[{"ty":"gr","it":[{"ind":0,"ty":"sh","ix":1,"ks":{"a":0,"k":{"i":[[0,0],[10.448,-4.361],[4.361,10.448],[0,0],[-10.448,4.361],[-4.361,-10.448]],"o":[[4.361,10.448],[-10.448,4.361],[0,0],[-4.361,-10.448],[10.448,-4.361],[0,0]],"v":[[-176.788,73.695],[-187.81,100.509],[-214.625,89.487],[-215.01,88.564],[-203.988,61.75],[-177.174,72.772]],"c":true},"ix":2},"nm":"Path 1","mn":"ADBE Vector Shape - Group","hd":false},{"ty":"fl","c":{"a":0,"k":[0.164705882353,0.556862745098,0.949019607843,1],"ix":4},"o":{"a":0,"k":100,"ix":5},"r":1,"nm":"Fill 1","mn":"ADBE Vector Graphic - Fill","hd":false},{"ty":"tr","p":{"a":0,"k":[0,0],"ix":2},"a":{"a":0,"k":[0,0],"ix":1},"s":{"a":0,"k":[100,100],"ix":3},"r":{"a":0,"k":0,"ix":6},"o":{"a":0,"k":100,"ix":7},"sk":{"a":0,"k":0,"ix":4},"sa":{"a":0,"k":0,"ix":5},"nm":"Transform"}],"nm":"Group 1","np":2,"cix":2,"ix":1,"mn":"ADBE Vector Group","hd":false}],"ip":0,"op":1545,"st":0,"bm":0},{"ddd":0,"ind":6,"ty":4,"nm":"Layer 11","sr":1,"ks":{"o":{"a":1,"k":[{"t":0,"s":[0],"h":1},{"t":469,"s":[100],"h":1}],"ix":11},"r":{"a":0,"k":0,"ix":10},"p":{"a":0,"k":[425,390,0],"ix":2},"a":{"a":0,"k":[0,0,0],"ix":1},"s":{"a":0,"k":[100,100,100],"ix":6}},"ao":0,"shapes":[{"ty":"gr","it":[{"ind":0,"ty":"sh","ix":1,"ks":{"a":0,"k":{"i":[[0,0],[7.991,-8.02],[8.02,7.991],[0,0],[-7.991,8.02],[-8.02,-7.991]],"o":[[8.02,7.991],[-7.991,8.02],[0,0],[-8.02,-7.991],[7.991,-8.02],[0,0]],"v":[[-135.148,135.643],[-135.095,164.635],[-164.086,164.687],[-164.795,163.981],[-164.847,134.99],[-135.856,134.937]],"c":true},"ix":2},"nm":"Path 1","mn":"ADBE Vector Shape - Group","hd":false},{"ty":"fl","c":{"a":0,"k":[0.164705882353,0.556862745098,0.949019607843,1],"ix":4},"o":{"a":0,"k":100,"ix":5},"r":1,"nm":"Fill 1","mn":"ADBE Vector Graphic - Fill","hd":false},{"ty":"tr","p":{"a":0,"k":[0,0],"ix":2},"a":{"a":0,"k":[0,0],"ix":1},"s":{"a":0,"k":[100,100],"ix":3},"r":{"a":0,"k":0,"ix":6},"o":{"a":0,"k":100,"ix":7},"sk":{"a":0,"k":0,"ix":4},"sa":{"a":0,"k":0,"ix":5},"nm":"Transform"}],"nm":"Group 1","np":2,"cix":2,"ix":1,"mn":"ADBE Vector Group","hd":false}],"ip":0,"op":1545,"st":0,"bm":0},{"ddd":0,"ind":7,"ty":4,"nm":"Layer 10","sr":1,"ks":{"o":{"a":1,"k":[{"t":0,"s":[0],"h":1},{"t":753,"s":[100],"h":1}],"ix":11},"r":{"a":0,"k":0,"ix":10},"p":{"a":0,"k":[425,390,0],"ix":2},"a":{"a":0,"k":[0,0,0],"ix":1},"s":{"a":0,"k":[100,100,100],"ix":6}},"ao":0,"shapes":[{"ty":"gr","it":[{"ind":0,"ty":"sh","ix":1,"ks":{"a":0,"k":{"i":[[0,0],[4.321,-10.465],[10.465,4.321],[0,0],[-4.321,10.465],[-10.465,-4.321]],"o":[[10.465,4.321],[-4.321,10.465],[0,0],[-10.465,-4.321],[4.321,-10.465],[0,0]],"v":[[-73.022,177.068],[-61.897,203.841],[-88.669,214.965],[-89.594,214.583],[-100.718,187.811],[-73.946,176.687]],"c":true},"ix":2},"nm":"Path 1","mn":"ADBE Vector Shape - Group","hd":false},{"ty":"fl","c":{"a":0,"k":[0.164705882353,0.556862745098,0.949019607843,1],"ix":4},"o":{"a":0,"k":100,"ix":5},"r":1,"nm":"Fill 1","mn":"ADBE Vector Graphic - Fill","hd":false},{"ty":"tr","p":{"a":0,"k":[0,0],"ix":2},"a":{"a":0,"k":[0,0],"ix":1},"s":{"a":0,"k":[100,100],"ix":3},"r":{"a":0,"k":0,"ix":6},"o":{"a":0,"k":100,"ix":7},"sk":{"a":0,"k":0,"ix":4},"sa":{"a":0,"k":0,"ix":5},"nm":"Transform"}],"nm":"Group 1","np":2,"cix":2,"ix":1,"mn":"ADBE Vector Group","hd":false}],"ip":0,"op":1545,"st":0,"bm":0},{"ddd":0,"ind":8,"ty":4,"nm":"Layer 9","sr":1,"ks":{"o":{"a":1,"k":[{"t":0,"s":[0],"h":1},{"t":617,"s":[100],"h":1}],"ix":11},"r":{"a":0,"k":0,"ix":10},"p":{"a":0,"k":[425,390,0],"ix":2},"a":{"a":0,"k":[0,0,0],"ix":1},"s":{"a":0,"k":[100,100,100],"ix":6}},"ao":0,"shapes":[{"ty":"gr","it":[{"ind":0,"ty":"sh","ix":1,"ks":{"a":0,"k":{"i":[[0,0],[-0.014,-11.322],[11.322,-0.014],[0,0],[0.014,11.322],[-11.322,0.014]],"o":[[11.322,-0.014],[0.014,11.322],[0,0],[-11.322,0.014],[-0.014,-11.322],[0,0]],"v":[[0.242,191.479],[20.768,211.953],[0.293,232.479],[-0.707,232.48],[-21.232,212.005],[-0.758,191.48]],"c":true},"ix":2},"nm":"Path 1","mn":"ADBE Vector Shape - Group","hd":false},{"ty":"fl","c":{"a":0,"k":[0.164705882353,0.556862745098,0.949019607843,1],"ix":4},"o":{"a":0,"k":100,"ix":5},"r":1,"nm":"Fill 1","mn":"ADBE Vector Graphic - Fill","hd":false},{"ty":"tr","p":{"a":0,"k":[0,0],"ix":2},"a":{"a":0,"k":[0,0],"ix":1},"s":{"a":0,"k":[100,100],"ix":3},"r":{"a":0,"k":0,"ix":6},"o":{"a":0,"k":100,"ix":7},"sk":{"a":0,"k":0,"ix":4},"sa":{"a":0,"k":0,"ix":5},"nm":"Transform"}],"nm":"Group 1","np":2,"cix":2,"ix":1,"mn":"ADBE Vector Group","hd":false}],"ip":0,"op":1545,"st":0,"bm":0},{"ddd":0,"ind":9,"ty":4,"nm":"Layer 8","sr":1,"ks":{"o":{"a":1,"k":[{"t":0,"s":[0],"h":1},{"t":223,"s":[100],"h":1}],"ix":11},"r":{"a":0,"k":0,"ix":10},"p":{"a":0,"k":[425,390,0],"ix":2},"a":{"a":0,"k":[0,0,0],"ix":1},"s":{"a":0,"k":[100,100,100],"ix":6}},"ao":0,"shapes":[{"ty":"gr","it":[{"ind":0,"ty":"sh","ix":1,"ks":{"a":0,"k":{"i":[[0,0],[-4.349,-10.453],[10.453,-4.349],[0,0],[4.349,10.453],[-10.453,4.349]],"o":[[10.453,-4.349],[4.349,10.453],[0,0],[-10.453,4.349],[-4.349,-10.453],[0,0]],"v":[[73.492,176.873],[100.294,187.926],[89.242,214.728],[88.318,215.112],[61.516,204.059],[72.569,177.257]],"c":true},"ix":2},"nm":"Path 1","mn":"ADBE Vector Shape - Group","hd":false},{"ty":"fl","c":{"a":0,"k":[0.164705882353,0.556862745098,0.949019607843,1],"ix":4},"o":{"a":0,"k":100,"ix":5},"r":1,"nm":"Fill 1","mn":"ADBE Vector Graphic - Fill","hd":false},{"ty":"tr","p":{"a":0,"k":[0,0],"ix":2},"a":{"a":0,"k":[0,0],"ix":1},"s":{"a":0,"k":[100,100],"ix":3},"r":{"a":0,"k":0,"ix":6},"o":{"a":0,"k":100,"ix":7},"sk":{"a":0,"k":0,"ix":4},"sa":{"a":0,"k":0,"ix":5},"nm":"Transform"}],"nm":"Group 1","np":2,"cix":2,"ix":1,"mn":"ADBE Vector Group","hd":false}],"ip":0,"op":1545,"st":0,"bm":0},{"ddd":0,"ind":10,"ty":4,"nm":"Layer 7","sr":1,"ks":{"o":{"a":1,"k":[{"t":0,"s":[0],"h":1},{"t":363,"s":[100],"h":1}],"ix":11},"r":{"a":0,"k":0,"ix":10},"p":{"a":0,"k":[425,390,0],"ix":2},"a":{"a":0,"k":[0,0,0],"ix":1},"s":{"a":0,"k":[100,100,100],"ix":6}},"ao":0,"shapes":[{"ty":"gr","it":[{"ind":0,"ty":"sh","ix":1,"ks":{"a":0,"k":{"i":[[0,0],[-8.011,-8.001],[8.001,-8.011],[0,0],[8.011,8.001],[-8.001,8.011]],"o":[[8.001,-8.011],[8.011,8.001],[0,0],[-8.001,8.011],[-8.011,-8.001],[0,0]],"v":[[135.477,135.313],[164.469,135.296],[164.486,164.287],[163.78,164.995],[134.788,165.012],[134.771,136.021]],"c":true},"ix":2},"nm":"Path 1","mn":"ADBE Vector Shape - Group","hd":false},{"ty":"fl","c":{"a":0,"k":[0.164705882353,0.556862745098,0.949019607843,1],"ix":4},"o":{"a":0,"k":100,"ix":5},"r":1,"nm":"Fill 1","mn":"ADBE Vector Graphic - Fill","hd":false},{"ty":"tr","p":{"a":0,"k":[0,0],"ix":2},"a":{"a":0,"k":[0,0],"ix":1},"s":{"a":0,"k":[100,100],"ix":3},"r":{"a":0,"k":0,"ix":6},"o":{"a":0,"k":100,"ix":7},"sk":{"a":0,"k":0,"ix":4},"sa":{"a":0,"k":0,"ix":5},"nm":"Transform"}],"nm":"Group 1","np":2,"cix":2,"ix":1,"mn":"ADBE Vector Group","hd":false}],"ip":0,"op":1545,"st":0,"bm":0},{"ddd":0,"ind":11,"ty":4,"nm":"Layer 6","sr":1,"ks":{"o":{"a":1,"k":[{"t":0,"s":[0],"h":1},{"t":504,"s":[100],"h":1}],"ix":11},"r":{"a":0,"k":0,"ix":10},"p":{"a":0,"k":[425,390,0],"ix":2},"a":{"a":0,"k":[0,0,0],"ix":1},"s":{"a":0,"k":[100,100,100],"ix":6}},"ao":0,"shapes":[{"ty":"gr","it":[{"ind":0,"ty":"sh","ix":1,"ks":{"a":0,"k":{"i":[[0,0],[-10.459,-4.334],[4.334,-10.46],[0,0],[10.46,4.334],[-4.334,10.459]],"o":[[4.334,-10.459],[10.46,4.334],[0,0],[-4.334,10.46],[-10.46,-4.334],[0,0]],"v":[[176.977,73.241],[203.763,62.149],[214.854,88.935],[214.471,89.859],[187.685,100.95],[176.594,74.164]],"c":true},"ix":2},"nm":"Path 1","mn":"ADBE Vector Shape - Group","hd":false},{"ty":"fl","c":{"a":0,"k":[0.164705882353,0.556862745098,0.949019607843,1],"ix":4},"o":{"a":0,"k":100,"ix":5},"r":1,"nm":"Fill 1","mn":"ADBE Vector Graphic - Fill","hd":false},{"ty":"tr","p":{"a":0,"k":[0,0],"ix":2},"a":{"a":0,"k":[0,0],"ix":1},"s":{"a":0,"k":[100,100],"ix":3},"r":{"a":0,"k":0,"ix":6},"o":{"a":0,"k":100,"ix":7},"sk":{"a":0,"k":0,"ix":4},"sa":{"a":0,"k":0,"ix":5},"nm":"Transform"}],"nm":"Group 1","np":2,"cix":2,"ix":1,"mn":"ADBE Vector Group","hd":false}],"ip":0,"op":1545,"st":0,"bm":0},{"ddd":0,"ind":12,"ty":4,"nm":"Layer 5","sr":1,"ks":{"o":{"a":1,"k":[{"t":0,"s":[0],"h":1},{"t":652,"s":[100],"h":1}],"ix":11},"r":{"a":0,"k":0,"ix":10},"p":{"a":0,"k":[425,390,0],"ix":2},"a":{"a":0,"k":[0,0,0],"ix":1},"s":{"a":0,"k":[100,100,100],"ix":6}},"ao":0,"shapes":[{"ty":"gr","it":[{"ind":0,"ty":"sh","ix":1,"ks":{"a":0,"k":{"i":[[0,0],[-11.322,0.054],[-0.054,-11.322],[0,0],[11.322,-0.054],[0.054,11.322]],"o":[[-0.054,-11.322],[11.322,-0.054],[0,0],[0.054,11.322],[-11.322,0.054],[0,0]],"v":[[191.475,-0.941],[211.877,-21.539],[232.475,-1.137],[232.48,-0.137],[212.078,20.461],[191.48,0.059]],"c":true},"ix":2},"nm":"Path 1","mn":"ADBE Vector Shape - Group","hd":false},{"ty":"fl","c":{"a":0,"k":[0.164705882353,0.556862745098,0.949019607843,1],"ix":4},"o":{"a":0,"k":100,"ix":5},"r":1,"nm":"Fill 1","mn":"ADBE Vector Graphic - Fill","hd":false},{"ty":"tr","p":{"a":0,"k":[0,0],"ix":2},"a":{"a":0,"k":[0,0],"ix":1},"s":{"a":0,"k":[100,100],"ix":3},"r":{"a":0,"k":0,"ix":6},"o":{"a":0,"k":100,"ix":7},"sk":{"a":0,"k":0,"ix":4},"sa":{"a":0,"k":0,"ix":5},"nm":"Transform"}],"nm":"Group 1","np":2,"cix":2,"ix":1,"mn":"ADBE Vector Group","hd":false}],"ip":0,"op":1545,"st":0,"bm":0},{"ddd":0,"ind":13,"ty":4,"nm":"Layer 4","sr":1,"ks":{"o":{"a":1,"k":[{"t":0,"s":[0],"h":1},{"t":256,"s":[100],"h":1}],"ix":11},"r":{"a":0,"k":0,"ix":10},"p":{"a":0,"k":[425,390,0],"ix":2},"a":{"a":0,"k":[0,0,0],"ix":1},"s":{"a":0,"k":[100,100,100],"ix":6}},"ao":0,"shapes":[{"ty":"gr","it":[{"ind":0,"ty":"sh","ix":1,"ks":{"a":0,"k":{"i":[[0,0],[-10.437,4.387],[-4.387,-10.437],[0,0],[10.437,-4.387],[4.387,10.437]],"o":[[-4.387,-10.437],[10.437,-4.387],[0,0],[4.387,10.437],[-10.437,4.387],[0,0]],"v":[[176.605,-74.131],[187.56,-100.973],[214.402,-90.018],[214.79,-89.096],[203.834,-62.254],[176.992,-73.209]],"c":true},"ix":2},"nm":"Path 1","mn":"ADBE Vector Shape - Group","hd":false},{"ty":"fl","c":{"a":0,"k":[0.164705882353,0.556862745098,0.949019607843,1],"ix":4},"o":{"a":0,"k":100,"ix":5},"r":1,"nm":"Fill 1","mn":"ADBE Vector Graphic - Fill","hd":false},{"ty":"tr","p":{"a":0,"k":[0,0],"ix":2},"a":{"a":0,"k":[0,0],"ix":1},"s":{"a":0,"k":[100,100],"ix":3},"r":{"a":0,"k":0,"ix":6},"o":{"a":0,"k":100,"ix":7},"sk":{"a":0,"k":0,"ix":4},"sa":{"a":0,"k":0,"ix":5},"nm":"Transform"}],"nm":"Group 1","np":2,"cix":2,"ix":1,"mn":"ADBE Vector Group","hd":false}],"ip":0,"op":1545,"st":0,"bm":0},{"ddd":0,"ind":14,"ty":4,"nm":"Layer 3","sr":1,"ks":{"o":{"a":1,"k":[{"t":0,"s":[0],"h":1},{"t":398,"s":[100],"h":1}],"ix":11},"r":{"a":0,"k":0,"ix":10},"p":{"a":0,"k":[425,390,0],"ix":2},"a":{"a":0,"k":[0,0,0],"ix":1},"s":{"a":0,"k":[100,100,100],"ix":6}},"ao":0,"shapes":[{"ty":"gr","it":[{"ind":0,"ty":"sh","ix":1,"ks":{"a":0,"k":{"i":[[0,0],[-7.972,8.04],[-8.04,-7.972],[0,0],[7.972,-8.04],[8.04,7.972]],"o":[[-8.04,-7.972],[7.972,-8.04],[0,0],[8.04,7.972],[-7.972,8.04],[0,0]],"v":[[134.816,-135.972],[134.693,-164.963],[163.684,-165.086],[164.394,-164.382],[164.517,-135.39],[135.526,-135.268]],"c":true},"ix":2},"nm":"Path 1","mn":"ADBE Vector Shape - Group","hd":false},{"ty":"fl","c":{"a":0,"k":[0.164705882353,0.556862745098,0.949019607843,1],"ix":4},"o":{"a":0,"k":100,"ix":5},"r":1,"nm":"Fill 1","mn":"ADBE Vector Graphic - Fill","hd":false},{"ty":"tr","p":{"a":0,"k":[0,0],"ix":2},"a":{"a":0,"k":[0,0],"ix":1},"s":{"a":0,"k":[100,100],"ix":3},"r":{"a":0,"k":0,"ix":6},"o":{"a":0,"k":100,"ix":7},"sk":{"a":0,"k":0,"ix":4},"sa":{"a":0,"k":0,"ix":5},"nm":"Transform"}],"nm":"Group 1","np":2,"cix":2,"ix":1,"mn":"ADBE Vector Group","hd":false}],"ip":0,"op":1545,"st":0,"bm":0},{"ddd":0,"ind":15,"ty":4,"nm":"Layer 2","sr":1,"ks":{"o":{"a":1,"k":[{"t":0,"s":[0],"h":1},{"t":540,"s":[100],"h":1}],"ix":11},"r":{"a":0,"k":0,"ix":10},"p":{"a":0,"k":[425,390,0],"ix":2},"a":{"a":0,"k":[0,0,0],"ix":1},"s":{"a":0,"k":[100,100,100],"ix":6}},"ao":0,"shapes":[{"ty":"gr","it":[{"ind":0,"ty":"sh","ix":1,"ks":{"a":0,"k":{"i":[[0,0],[-4.295,10.476],[-10.476,-4.295],[0,0],[4.295,-10.476],[10.476,4.295]],"o":[[-10.476,-4.295],[4.295,-10.476],[0,0],[10.476,4.295],[-4.295,10.476],[0,0]],"v":[[72.583,-177.248],[61.392,-203.992],[88.136,-215.183],[89.061,-214.804],[100.253,-188.06],[73.508,-176.868]],"c":true},"ix":2},"nm":"Path 1","mn":"ADBE Vector Shape - Group","hd":false},{"ty":"fl","c":{"a":0,"k":[0.164705882353,0.556862745098,0.949019607843,1],"ix":4},"o":{"a":0,"k":100,"ix":5},"r":1,"nm":"Fill 1","mn":"ADBE Vector Graphic - Fill","hd":false},{"ty":"tr","p":{"a":0,"k":[0,0],"ix":2},"a":{"a":0,"k":[0,0],"ix":1},"s":{"a":0,"k":[100,100],"ix":3},"r":{"a":0,"k":0,"ix":6},"o":{"a":0,"k":100,"ix":7},"sk":{"a":0,"k":0,"ix":4},"sa":{"a":0,"k":0,"ix":5},"nm":"Transform"}],"nm":"Group 1","np":2,"cix":2,"ix":1,"mn":"ADBE Vector Group","hd":false}],"ip":0,"op":1545,"st":0,"bm":0},{"ddd":0,"ind":16,"ty":4,"nm":"Layer 1","sr":1,"ks":{"o":{"a":1,"k":[{"t":0,"s":[0],"h":1},{"t":150,"s":[100],"h":1}],"ix":11},"r":{"a":0,"k":0,"ix":10},"p":{"a":0,"k":[425,390,0],"ix":2},"a":{"a":0,"k":[0,0,0],"ix":1},"s":{"a":0,"k":[100,100,100],"ix":6}},"ao":0,"shapes":[{"ty":"gr","it":[{"ind":0,"ty":"sh","ix":1,"ks":{"a":0,"k":{"i":[[0,0],[0.041,11.322],[-11.322,0.041],[0,0],[-0.041,-11.322],[11.322,-0.041]],"o":[[-11.322,0.041],[-0.041,-11.322],[0,0],[11.322,-0.041],[0.041,11.322],[0,0]],"v":[[-0.708,-191.477],[-21.282,-211.902],[-0.856,-232.476],[0.144,-232.48],[20.717,-212.054],[0.292,-191.48]],"c":true},"ix":2},"nm":"Path 1","mn":"ADBE Vector Shape - Group","hd":false},{"ty":"fl","c":{"a":0,"k":[0.164705882353,0.556862745098,0.949019607843,1],"ix":4},"o":{"a":0,"k":100,"ix":5},"r":1,"nm":"Fill 1","mn":"ADBE Vector Graphic - Fill","hd":false},{"ty":"tr","p":{"a":0,"k":[0,0],"ix":2},"a":{"a":0,"k":[0,0],"ix":1},"s":{"a":0,"k":[100,100],"ix":3},"r":{"a":0,"k":0,"ix":6},"o":{"a":0,"k":100,"ix":7},"sk":{"a":0,"k":0,"ix":4},"sa":{"a":0,"k":0,"ix":5},"nm":"Transform"}],"nm":"Group 1","np":2,"cix":2,"ix":1,"mn":"ADBE Vector Group","hd":false}],"ip":0,"op":1545,"st":0,"bm":0}]}],"layers":[{"ddd":0,"ind":1,"ty":0,"nm":"ScreenComp","refId":"comp_0","sr":1,"ks":{"o":{"a":0,"k":100,"ix":11},"r":{"a":0,"k":0,"ix":10},"p":{"s":true,"x":{"a":0,"k":423,"ix":3},"y":{"a":1,"k":[{"i":{"x":[0.623],"y":[0.665]},"o":{"x":[0.423],"y":[-0.09]},"n":["0p623_0p665_0p423_-0p09"],"t":-519.482,"s":[1000.892],"e":[595.836]},{"i":{"x":[0.638],"y":[1]},"o":{"x":[0.438],"y":[1.557]},"n":["0p638_1_0p438_1p557"],"t":-402.24,"s":[595.836],"e":[427.408]},{"i":{"x":[0],"y":[1]},"o":{"x":[0.15],"y":[0]},"n":["0_1_0p15_0"],"t":-206.885,"s":[427.408],"e":[423.742]},{"t":-102.341796875}],"ix":4}},"a":{"a":0,"k":[425,390,0],"ix":1},"s":{"a":0,"k":[100,100,100],"ix":6}},"ao":0,"w":850,"h":780,"ip":0,"op":119,"st":-1197,"bm":0},{"ddd":0,"ind":2,"ty":0,"nm":"spinning-circle","refId":"comp_1","sr":1,"ks":{"o":{"a":0,"k":100,"ix":11},"r":{"a":1,"k":[{"i":{"x":[0.833],"y":[0.833]},"o":{"x":[0.167],"y":[0.167]},"n":["0p833_0p833_0p167_0p167"],"t":-1008,"s":[360],"e":[450.31]},{"i":{"x":[0.833],"y":[0.833]},"o":{"x":[0.167],"y":[0.167]},"n":["0p833_0p833_0p167_0p167"],"t":-973,"s":[450.31],"e":[562.96]},{"i":{"x":[0.833],"y":[0.833]},"o":{"x":[0.167],"y":[0.167]},"n":["0p833_0p833_0p167_0p167"],"t":-935,"s":[562.96],"e":[562.699]},{"i":{"x":[0.833],"y":[0.833]},"o":{"x":[0.167],"y":[0.167]},"n":["0p833_0p833_0p167_0p167"],"t":-934,"s":[562.699],"e":[653.508]},{"i":{"x":[0.833],"y":[0.833]},"o":{"x":[0.167],"y":[0.167]},"n":["0p833_0p833_0p167_0p167"],"t":-902,"s":[653.508],"e":[742.618]},{"i":{"x":[0.833],"y":[0.833]},"o":{"x":[0.167],"y":[0.167]},"n":["0p833_0p833_0p167_0p167"],"t":-868,"s":[742.618],"e":[743.18]},{"i":{"x":[0.833],"y":[0.833]},"o":{"x":[0.167],"y":[0.167]},"n":["0p833_0p833_0p167_0p167"],"t":-867,"s":[743.18],"e":[832.772]},{"i":{"x":[0.833],"y":[0.833]},"o":{"x":[0.167],"y":[0.167]},"n":["0p833_0p833_0p167_0p167"],"t":-831,"s":[832.772],"e":[944.289]},{"i":{"x":[0.833],"y":[0.833]},"o":{"x":[0.167],"y":[0.167]},"n":["0p833_0p833_0p167_0p167"],"t":-796,"s":[944.289],"e":[1035.495]},{"i":{"x":[0.833],"y":[0.833]},"o":{"x":[0.167],"y":[0.167]},"n":["0p833_0p833_0p167_0p167"],"t":-760,"s":[1035.495],"e":[1126.073]},{"i":{"x":[0.833],"y":[0.833]},"o":{"x":[0.167],"y":[0.167]},"n":["0p833_0p833_0p167_0p167"],"t":-724,"s":[1126.073],"e":[1215.573]},{"i":{"x":[0.833],"y":[0.833]},"o":{"x":[0.167],"y":[0.167]},"n":["0p833_0p833_0p167_0p167"],"t":-689,"s":[1215.573],"e":[1328.55]},{"i":{"x":[0.833],"y":[0.833]},"o":{"x":[0.167],"y":[0.167]},"n":["0p833_0p833_0p167_0p167"],"t":-654,"s":[1328.55],"e":[1418.292]},{"i":{"x":[0.833],"y":[0.833]},"o":{"x":[0.167],"y":[0.167]},"n":["0p833_0p833_0p167_0p167"],"t":-618,"s":[1418.292],"e":[1507.955]},{"i":{"x":[0.833],"y":[0.833]},"o":{"x":[0.167],"y":[0.167]},"n":["0p833_0p833_0p167_0p167"],"t":-583,"s":[1507.955],"e":[1620.55]},{"i":{"x":[0.833],"y":[0.833]},"o":{"x":[0.167],"y":[0.167]},"n":["0p833_0p833_0p167_0p167"],"t":-541,"s":[1620.55],"e":[1710.783]},{"i":{"x":[0.833],"y":[0.833]},"o":{"x":[0.167],"y":[0.167]},"n":["0p833_0p833_0p167_0p167"],"t":-506,"s":[1710.783],"e":[1970.783]},{"i":{"x":[0.833],"y":[0.833]},"o":{"x":[0.167],"y":[0.167]},"n":["0p833_0p833_0p167_0p167"],"t":-401,"s":[1970.783],"e":[2317.783]},{"i":{"x":[0.833],"y":[0.833]},"o":{"x":[0.167],"y":[0.167]},"n":["0p833_0p833_0p167_0p167"],"t":-213,"s":[2317.783],"e":[2677.783]},{"i":{"x":[0.833],"y":[0.833]},"o":{"x":[0.167],"y":[0.167]},"n":["0p833_0p833_0p167_0p167"],"t":-37,"s":[2677.783],"e":[3030]},{"t":117}],"ix":10},"p":{"s":true,"x":{"a":1,"k":[{"i":{"x":[0.449],"y":[1]},"o":{"x":[0.001],"y":[0]},"n":["0p449_1_0p001_0"],"t":-1028,"s":[423],"e":[424]},{"i":{"x":[0.703],"y":[0.496]},"o":{"x":[0.327],"y":[0]},"n":["0p703_0p496_0p327_0"],"t":-868,"s":[424],"e":[423.511]},{"i":{"x":[0.998],"y":[1]},"o":{"x":[0.578],"y":[0.496]},"n":["0p998_1_0p578_0p496"],"t":-655,"s":[423.511],"e":[423]},{"i":{"x":[0.998],"y":[1]},"o":{"x":[0.002],"y":[0]},"n":["0p998_1_0p002_0"],"t":-542,"s":[423],"e":[423]},{"t":-187}],"ix":3},"y":{"a":1,"k":[{"i":{"x":[0.833],"y":[0.833]},"o":{"x":[0.167],"y":[0.167]},"n":["0p833_0p833_0p167_0p167"],"t":-1027,"s":[790.614],"e":[808.476]},{"i":{"x":[0.833],"y":[0.833]},"o":{"x":[0.167],"y":[0.167]},"n":["0p833_0p833_0p167_0p167"],"t":-1008,"s":[808.476],"e":[808.476]},{"i":{"x":[0.833],"y":[0.833]},"o":{"x":[0.167],"y":[0.167]},"n":["0p833_0p833_0p167_0p167"],"t":-973,"s":[808.476],"e":[790.614]},{"i":{"x":[0.833],"y":[0.833]},"o":{"x":[0.167],"y":[0.167]},"n":["0p833_0p833_0p167_0p167"],"t":-935,"s":[790.614],"e":[775.828]},{"i":{"x":[0.833],"y":[0.833]},"o":{"x":[0.167],"y":[0.167]},"n":["0p833_0p833_0p167_0p167"],"t":-902,"s":[775.828],"e":[765.748]},{"i":{"x":[0.594],"y":[0.166]},"o":{"x":[0.167],"y":[0.167]},"n":["0p594_0p166_0p167_0p167"],"t":-842,"s":[765.748],"e":[681.495]},{"i":{"x":[0.661],"y":[0.413]},"o":{"x":[0.327],"y":[0.463]},"n":["0p661_0p413_0p327_0p463"],"t":-689,"s":[681.495],"e":[653.508]},{"i":{"x":[0.833],"y":[0.833]},"o":{"x":[0.332],"y":[0.622]},"n":["0p833_0p833_0p332_0p622"],"t":-654,"s":[653.508],"e":[626.925]},{"i":{"x":[0.577],"y":[0.359]},"o":{"x":[0.228],"y":[0.169]},"n":["0p577_0p359_0p228_0p169"],"t":-618,"s":[626.925],"e":[562.699]},{"i":{"x":[0.713],"y":[1.711]},"o":{"x":[0.283],"y":[0.626]},"n":["0p713_1p711_0p283_0p626"],"t":-541,"s":[562.699],"e":[360]},{"i":{"x":[0.833],"y":[1]},"o":{"x":[0.193],"y":[-0.588]},"n":["0p833_1_0p193_-0p588"],"t":-187,"s":[360],"e":[325]},{"t":-112}],"ix":4}},"a":{"a":0,"k":[425,390,0],"ix":1},"s":{"a":0,"k":[78,78,100],"ix":6}},"ao":0,"w":850,"h":780,"ip":0,"op":119,"st":-1158,"bm":0},{"ddd":0,"ind":3,"ty":2,"nm":"background.pdf","cl":"pdf","refId":"image_0","sr":1,"ks":{"o":{"a":0,"k":100,"ix":11},"r":{"a":0,"k":0,"ix":10},"p":{"a":1,"k":[{"i":{"x":0.667,"y":1},"o":{"x":0.333,"y":0},"n":"0p667_1_0p333_0","t":-1790,"s":[424.875,1658.813,0],"e":[424.875,1297.813,0],"to":[0,-60.1666679382324,0],"ti":[0,135.16667175293,0]},{"i":{"x":0.667,"y":1},"o":{"x":0.333,"y":0},"n":"0p667_1_0p333_0","t":-1578,"s":[424.875,1297.813,0],"e":[424.875,847.813,0],"to":[0,-135.16667175293,0],"ti":[0,151.66667175293,0]},{"i":{"x":0.666,"y":0.997},"o":{"x":0.167,"y":0},"n":"0p666_0p997_0p167_0","t":-1087,"s":[424.875,847.813,0],"e":[424.875,353,0],"to":[0,-151.664215087891,0],"ti":[0,76.6704483032227,0]},{"i":{"x":0.667,"y":1},"o":{"x":0.334,"y":0},"n":"0p667_1_0p334_0","t":-56,"s":[424.875,353,0],"e":[424.875,387.813,0],"to":[0,-0.00124203879386,0],"ti":[0,0.00124195753597,0]},{"t":-54}],"ix":2},"a":{"a":0,"k":[425,1662,0],"ix":1},"s":{"a":0,"k":[100,100,100],"ix":6}},"ao":0,"ip":0,"op":119,"st":-1800,"bm":0}],"markers":[{"tm":-402,"cm":"End of orb to gear","dr":0}]}